진단명,ICD코드,ADRG,ADRG명,MDC,계열,DRG코드
뇌경색증,I63,B011,Complex Cerebral Aneurysm Procedures with Stroke,01,S,"B01100, B01101"
뇌경색증,I63,B012,Simple Cerebral Aneurysm Procedures with Stroke,01,S,B01200
뇌경색증,I63,B015,Embolization of Cerebral Aneurysm with Stroke,01,S,"B01500, B01501, B01502"
뇌경색증,I63,B017,Combined Procedures in Cerebral Aneurysm with Stroke,01,S,B01700
뇌경색증,I63,B018,Combined Procedures in Embolization of Cerebral Aneurysm with Stroke,01,S,"B01800, B01801"
뇌경색증,I63,B021,Intracranial Vascular Procedures with Stroke,01,S,"B02100, B02101, B02102"
뇌경색증,I63,B023,Embolization of Central Nervous System B02301 W Catastrophic CC,15,,"B02300, B02301"
뇌경색증,I63,B041,Extracranial Vascular Procedures with Stroke,01,S,"B04100, B04101"
뇌경색증,I63,B681,Intracerebral Hemorrhage B68102 W Catastrophic or Severe CC,11,,"B68100, B68101, B68102"
뇌경색증,I63,B685,Acute Severe Ischemic Stroke B68503 W Catastrophic CC,01,,"B68500, B68501, B68502, B68503"
뇌경색증,I63,B686,Other Ischemic or Non-Hemorrhagic Stroke B68602 W Catastrophic or Severe CC,01,,"B68600, B68601, B68602"
뇌경색증,I63,I652,"Connective Tissue Malignancy, Including I65210 중증도 구분 없음",08,,"I65210, I65220, I65221, I65222"
뇌경색증,I63,P641,"Neonate, Admission Weight 1250-1499g P64100 중증도 구분 없음",15,,P64100
뇌경색증,I63,P651,"Neonate, Admission Weight 1500-1999g P65100 중증도 구분 없음",15,,P65100
뇌경색증,I63,P652,"Neonate, Admission Weight 1500-1999g P65200 중증도 구분 없음",18-2,,P65200
뇌경색증,I63,P661,"Neonate, Admission Weight 2000-2499g P66100 중증도 구분 없음",15,,P66100
뇌경색증,I63,P662,"Neonate, Admission Weight 2000-2499g P66200 중증도 구분 없음",18-2,,P66200
뇌경색증,I63,P671,"Neonate, Admission Weight>2499g without P67100 중증도 구분 없음",06,,P67100
뇌경색증,I63,P672,"Neonate, Admission Weight>2499g without P67200 중증도 구분 없음",15,,P67200
바이러스성 및 기타 명시된 장감염,A08,G671,"Enteritis, Age ≤18 G67113 W Catastrophic CC",06,,"G67110, G67111, G67112, G67113, G67120, G67121, G67122, G67123, G67130, G67131, G67132, G67133"
바이러스성 및 기타 명시된 장감염,A08,P641,"Neonate, Admission Weight 1250-1499g P64100 중증도 구분 없음",15,,P64100
바이러스성 및 기타 명시된 장감염,A08,P652,"Neonate, Admission Weight 1500-1999g P65200 중증도 구분 없음",18-2,,P65200
바이러스성 및 기타 명시된 장감염,A08,P662,"Neonate, Admission Weight 2000-2499g P66200 중증도 구분 없음",18-2,,P66200
바이러스성 및 기타 명시된 장감염,A08,P671,"Neonate, Admission Weight>2499g without P67100 중증도 구분 없음",06,,P67100
바이러스성 및 기타 명시된 장감염,A08,P672,"Neonate, Admission Weight>2499g without P67200 중증도 구분 없음",15,,P67200
바이러스성 및 기타 명시된 장감염,A08,S630,HIV-Related Infection S63000 중증도 구분 없음,18-1,,S63000
뇌경색증을 유발하지 않은 뇌전동맥의 폐쇄 및 협착,G45,B011,Complex Cerebral Aneurysm Procedures with Stroke,01,S,"B01100, B01101"
뇌경색증을 유발하지 않은 뇌전동맥의 폐쇄 및 협착,G45,B015,Embolization of Cerebral Aneurysm with Stroke,01,S,"B01500, B01501, B01502"
뇌경색증을 유발하지 않은 뇌전동맥의 폐쇄 및 협착,G45,B017,Combined Procedures in Cerebral Aneurysm with Stroke,01,S,B01700
뇌경색증을 유발하지 않은 뇌전동맥의 폐쇄 및 협착,G45,B018,Combined Procedures in Embolization of Cerebral Aneurysm with Stroke,01,S,"B01800, B01801"
뇌경색증을 유발하지 않은 뇌전동맥의 폐쇄 및 협착,G45,B021,Intracranial Vascular Procedures with Stroke,01,S,"B02100, B02101, B02102"
뇌경색증을 유발하지 않은 뇌전동맥의 폐쇄 및 협착,G45,B023,Embolization of Central Nervous System B02301 W Catastrophic CC,15,,"B02300, B02301"
뇌경색증을 유발하지 않은 뇌전동맥의 폐쇄 및 협착,G45,B670,Transient Cerebral Ischemic Attack B67003 W Catastrophic CC,01,,"B67000, B67001, B67002, B67003"
뇌경색증을 유발하지 않은 뇌전동맥의 폐쇄 및 협착,G45,B681,Intracerebral Hemorrhage B68102 W Catastrophic or Severe CC,11,,"B68100, B68101, B68102"
뇌경색증을 유발하지 않은 뇌전동맥의 폐쇄 및 협착,G45,B682,Subarachnoid Hemorrhage B68203 W Catastrophic CC,01,,"B68200, B68201, B68202, B68203"
뇌경색증을 유발하지 않은 뇌전동맥의 폐쇄 및 협착,G45,B686,Other Ischemic or Non-Hemorrhagic Stroke B68602 W Catastrophic or Severe CC,01,,"B68600, B68601, B68602"
뇌경색증을 유발하지 않은 뇌전동맥의 폐쇄 및 협착,G45,B691,Stenosis of Cerebral and Cervical Arteries B69103 W Catastrophic CC,18-2,,"B69100, B69101, B69102, B69103"
뇌경색증을 유발하지 않은 뇌전동맥의 폐쇄 및 협착,G45,C610,Neurological and Vascular Diseases of the C61003 W Catastrophic CC,02,,"C61000, C61001, C61002, C61003"
거미막하출혈,I60,B011,Complex Cerebral Aneurysm Procedures with Stroke,01,S,"B01100, B01101"
거미막하출혈,I60,B015,Embolization of Cerebral Aneurysm with Stroke,01,S,"B01500, B01501, B01502"
거미막하출혈,I60,B017,Combined Procedures in Cerebral Aneurysm with Stroke,01,S,B01700
거미막하출혈,I60,B021,Intracranial Vascular Procedures with Stroke,01,S,"B02100, B02101, B02102"
거미막하출혈,I60,B023,Embolization of Central Nervous System B02301 W Catastrophic CC,15,,"B02300, B02301"
거미막하출혈,I60,B092,CNS Stereotactic Procedures in Intracranial Hemorrhage,01,S,"B09200, B09201"
거미막하출혈,I60,B093,우선순위,01,S,B09300
거미막하출혈,I60,B682,Subarachnoid Hemorrhage B68203 W Catastrophic CC,01,,"B68200, B68201, B68202, B68203"
거미막하출혈,I60,P641,"Neonate, Admission Weight 1250-1499g P64100 중증도 구분 없음",15,,P64100
악성 신생물 이외의 병태에 대한 치료후 추적검사,Z09,S640,Other HIV S64001 W Catastrophic CC,18-1,,"S64000, S64001"
악성 신생물 이외의 병태에 대한 치료후 추적검사,Z09,Z620,Follow-Up Care after Completed Treatment Z62000 중증도 구분 없음,23,,Z62000
결절성 다발동맥염 및 관련 병태,M30,I661,Kawasaki Disease I66101 W Catastrophic or Severe CC,15,,"I66100, I66101"
결절성 다발동맥염 및 관련 병태,M30,I663,Angiitis I66302 W Catastrophic CC,08,,"I66300, I66301, I66302"
결절성 다발동맥염 및 관련 병태,M30,I667,"Other Connective Tissue Diseases, I66712 W Catastrophic CC",08,,"I66710, I66711, I66712, I66720, I66721, I66722"
결절성 다발동맥염 및 관련 병태,M30,P672,"Neonate, Admission Weight>2499g without P67200 중증도 구분 없음",15,,P67200
안면신경장애,G51,B715,Cranial Nerve Disorders B71503 W Catastrophic CC,01,,"B71500, B71501, B71502, B71503"
안면신경장애,G51,B716,Nerve Root and Plexus Disorders B71601 W Catastrophic CC,01,,"B71600, B71601"
안면신경장애,G51,B717,Peripheral Nerve Disorders B71702 W Catastrophic or Severe CC,01,,"B71700, B71701, B71702"
안면신경장애,G51,G540,"Endoscopy for Digestive System with Chemotherapy, LOS ≧ 2",06,S,"G54000, G54001, G54002"
안면신경장애,G51,G570,Percutaneous Drainage of Digestive System Diseases,06,S,"G57000, G57001, G57002"
안면신경장애,G51,P641,"Neonate, Admission Weight 1250-1499g P64100 중증도 구분 없음",15,,P64100
안면신경장애,G51,P651,"Neonate, Admission Weight 1500-1999g P65100 중증도 구분 없음",15,,P65100
안면신경장애,G51,P652,"Neonate, Admission Weight 1500-1999g P65200 중증도 구분 없음",18-2,,P65200
안면신경장애,G51,P672,"Neonate, Admission Weight>2499g without P67200 중증도 구분 없음",15,,P67200
"의심되는 질병 및 병태를 위한 의학적 관찰 및 평가, 배제된",Z03,E610,Respiratory Tuberculosis E61003 W Catastrophic CC,04,,"E61000, E61001, E61002, E61003"
"의심되는 질병 및 병태를 위한 의학적 관찰 및 평가, 배제된",Z03,F780,Chest Pain F78002 W Catastrophic CC,19,,"F78000, F78001, F78002"
"의심되는 질병 및 병태를 위한 의학적 관찰 및 평가, 배제된",Z03,R650,Other Neoplastic Diseases R65003 W Catastrophic CC,17,,"R65000, R65001, R65002, R65003"
"의심되는 질병 및 병태를 위한 의학적 관찰 및 평가, 배제된",Z03,U680,Stress Reaction and Other Psychiatric U68001 W Catastrophic or Severe CC,19,,"U68000, U68001"
"의심되는 질병 및 병태를 위한 의학적 관찰 및 평가, 배제된",Z03,Z640,Other Factors Influencing Health Status Z64002 W Catastrophic CC,23,,"Z64000, Z64001, Z64002"
손가락 및 발가락의 후천변형,M20,I142,"Hip and Femur Procedures, Unilateral",08,S,"I14210, I14211, I14220, I14221"
손가락 및 발가락의 후천변형,M20,I211,Foot and Ankle Tendon and Ligament Procedures,08,S,I21100
손가락 및 발가락의 후천변형,M20,I213,Other Foot and Ankle Procedures,08,S,"I21300, I21301, I21302"
손가락 및 발가락의 후천변형,M20,I251,Major Wrist and Hand Procedures,08,S,"I25100, I25101, I25102"
손가락 및 발가락의 후천변형,M20,I760,"Other Musculoskeletal Diseases, Age ≤18 I76011 W Catastrophic or Severe CC",08,,"I76010, I76011, I76020, I76021, I76022"
달리 분류되지 않은 경련,R56,A092,"Tracheostomy for Face, Mouth and Neck Disorders with Short-Term Ventilator",Pre,S,
달리 분류되지 않은 경련,R56,B772,Febrile Convulsions B77201 W Catastrophic CC,01,,"B77200, B77201"
달리 분류되지 않은 경련,R56,B773,"Other Seizure, Age ≤18 B77312 W Catastrophic CC",01,,"B77310, B77311, B77312, B77320, B77321, B77322, B77323"
달리 분류되지 않은 경련,R56,L662,Kidney and Urinary Tract Signs and L66202 W Catastrophic CC,18-1,,"L66200, L66201, L66202"
기관지 및 폐의 악성 신생물,C34,E012,Major Lung Procedures for Malignancy,04,S,"E01200, E01201"
기관지 및 폐의 악성 신생물,C34,E671,Respiratory Neoplasm with Radiation E67103 W Catastrophic CC,15,,"E67100, E67101, E67102, E67103"
기관지 및 폐의 악성 신생물,C34,E672,Respiratory Neoplasm with Chemotherapy E67203 W Catastrophic CC,03,,"E67200, E67201, E67202, E67203"
기관지 및 폐의 악성 신생물,C34,E673,Respiratory Neoplasm without Radiation E67303 W Catastrophic CC,15,,"E67300, E67301, E67302, E67303"
기관지 및 폐의 악성 신생물,C34,P641,"Neonate, Admission Weight 1250-1499g P64100 중증도 구분 없음",15,,P64100
기관지 및 폐의 악성 신생물,C34,P651,"Neonate, Admission Weight 1500-1999g P65100 중증도 구분 없음",15,,P65100
기관지 및 폐의 악성 신생물,C34,P652,"Neonate, Admission Weight 1500-1999g P65200 중증도 구분 없음",18-2,,P65200
기관지 및 폐의 악성 신생물,C34,P661,"Neonate, Admission Weight 2000-2499g P66100 중증도 구분 없음",15,,P66100
기관지 및 폐의 악성 신생물,C34,P662,"Neonate, Admission Weight 2000-2499g P66200 중증도 구분 없음",18-2,,P66200
기관지 및 폐의 악성 신생물,C34,P671,"Neonate, Admission Weight>2499g without P67100 중증도 구분 없음",06,,P67100
골괴사,M87,I141,"Hip and Femur Procedures, Bilateral or Multiple",08,S,"I14100, I14101, I14102"
골괴사,M87,I160,"Humerus, Tibia, and Fibula Procedures",08,S,"I16010, I16020, I16021, I16022"
골괴사,M87,I187,Other Shoulder Procedures,08,S,"I18700, I18701"
골괴사,M87,I200,Elbow and Forearm Procedures,08,S,"I20000, I20001, I20002"
골괴사,M87,I211,Foot and Ankle Tendon and Ligament Procedures,08,S,I21100
골괴사,M87,I213,Other Foot and Ankle Procedures,08,S,"I21300, I21301, I21302"
골괴사,M87,I251,Major Wrist and Hand Procedures,08,S,"I25100, I25101, I25102"
골괴사,M87,I252,Minor Wrist and Hand Procedures,08,S,"I25200, I25201, I25202, I25203"
골괴사,M87,I640,Osteomyelitis I64003 W Catastrophic CC,08,,"I64000, I64001, I64002, I64003"
골괴사,M87,I696,,08,,"I69600, I69601, I69602"
골괴사,M87,P641,"Neonate, Admission Weight 1250-1499g P64100 중증도 구분 없음",15,,P64100
골괴사,M87,P651,"Neonate, Admission Weight 1500-1999g P65100 중증도 구분 없음",15,,P65100
골괴사,M87,P661,"Neonate, Admission Weight 2000-2499g P66100 중증도 구분 없음",15,,P66100
골괴사,M87,P662,"Neonate, Admission Weight 2000-2499g P66200 중증도 구분 없음",18-2,,P66200
골괴사,M87,P671,"Neonate, Admission Weight>2499g without P67100 중증도 구분 없음",06,,P67100
골괴사,M87,P672,"Neonate, Admission Weight>2499g without P67200 중증도 구분 없음",15,,P67200
"난소, 난관 및 넓은인대의 비염증성 장애",N83,N620,Menstrual and Other Female Reproductive N62003 W Catastrophic CC,13,,"N62000, N62001, N62002, N62003"
고체 및 액체에 의한 폐렴,J69,E623,Aspiration Pneumonia E62303 W Catastrophic CC,04,,"E62300, E62301, E62302, E62303"
고체 및 액체에 의한 폐렴,J69,E630,Lung Abscess E63002 W Catastrophic CC,18-1,,"E63000, E63001, E63002"
고체 및 액체에 의한 폐렴,J69,P651,"Neonate, Admission Weight 1500-1999g P65100 중증도 구분 없음",15,,P65100
만성 콩팥병,N18,L611,"Chronic Renal Failure, Peritoneal Dialysis, L61112 W Catastrophic CC",11,,"L61110, L61111, L61112, L61120, L61121"
만성 콩팥병,N18,P641,"Neonate, Admission Weight 1250-1499g P64100 중증도 구분 없음",15,,P64100
만성 콩팥병,N18,P661,"Neonate, Admission Weight 2000-2499g P66100 중증도 구분 없음",15,,P66100
만성 콩팥병,N18,P672,"Neonate, Admission Weight>2499g without P67200 중증도 구분 없음",15,,P67200
기타 빈혈,D64,P641,"Neonate, Admission Weight 1250-1499g P64100 중증도 구분 없음",15,,P64100
기타 빈혈,D64,P661,"Neonate, Admission Weight 2000-2499g P66100 중증도 구분 없음",15,,P66100
기타 빈혈,D64,P672,"Neonate, Admission Weight>2499g without P67200 중증도 구분 없음",15,,P67200
기타 빈혈,D64,Q610,"Red Blood Cell Diseases, Age ≤18 Q61011 W Catastrophic or Severe or Moderate",16,,"Q61010, Q61011, Q61020, Q61021, Q61022, Q61023"
윤활막염 및 힘줄윤활막염,M65,I141,"Hip and Femur Procedures, Bilateral or Multiple",08,S,"I14100, I14101, I14102"
윤활막염 및 힘줄윤활막염,M65,I142,"Hip and Femur Procedures, Unilateral",08,S,"I14210, I14211, I14220, I14221"
윤활막염 및 힘줄윤활막염,M65,I160,"Humerus, Tibia, and Fibula Procedures",08,S,"I16010, I16020, I16021, I16022"
윤활막염 및 힘줄윤활막염,M65,I187,Other Shoulder Procedures,08,S,"I18700, I18701"
윤활막염 및 힘줄윤활막염,M65,I194,Other Knee Joint Procedures,08,S,"I19400, I19401, I19402, I19403"
윤활막염 및 힘줄윤활막염,M65,I200,Elbow and Forearm Procedures,08,S,"I20000, I20001, I20002"
윤활막염 및 힘줄윤활막염,M65,I211,Foot and Ankle Tendon and Ligament Procedures,08,S,I21100
윤활막염 및 힘줄윤활막염,M65,I212,Ankle Osteochondral Lesion Procedures,08,S,"I21200, I21201"
윤활막염 및 힘줄윤활막염,M65,I213,Other Foot and Ankle Procedures,08,S,"I21300, I21301, I21302"
윤활막염 및 힘줄윤활막염,M65,I251,Major Wrist and Hand Procedures,08,S,"I25100, I25101, I25102"
윤활막염 및 힘줄윤활막염,M65,I252,Minor Wrist and Hand Procedures,08,S,"I25200, I25201, I25202, I25203"
윤활막염 및 힘줄윤활막염,M65,I721,"Infectious Tendinitis, Myositis and Bursitis I72102 W Catastrophic CC",08,,"I72100, I72101, I72102"
윤활막염 및 힘줄윤활막염,M65,I722,"Noninfectious Tendinitis, Myositis and I72211 W Catastrophic or Severe or Moderate",08,,"I72210, I72211, I72220, I72221, I72222, I72223"
기타 변형성 등병증,M48,B171,Spinal Fusion with Myelopathy,01,S,"B17100, B17101, B17102, B17103"
기타 변형성 등병증,M48,B173,Laminectomy and Diskectomy with Myelopathy,01,S,"B17300, B17301, B17302"
기타 변형성 등병증,M48,B175,Other Spinal Procedures with Myelopathy,01,S,"B17500, B17501"
기타 변형성 등병증,M48,I081,Spinal Fusion with Myelopathy,08,S,"I08100, I08101, I08102, I08103"
기타 변형성 등병증,M48,I083,Laminectomy and Diskectomy with Myelopathy,08,S,"I08300, I08301, I08302, I08303"
기타 변형성 등병증,M48,I085,Other Spinal Procedures with Myelopathy,08,S,"I08500, I08501"
기타 변형성 등병증,M48,I640,Osteomyelitis I64003 W Catastrophic CC,08,,"I64000, I64001, I64002, I64003"
기타 변형성 등병증,M48,I651,"Connective Tissue Malignancy, Including I65102 W Catastrophic CC",08,,"I65100, I65101, I65102"
기타 변형성 등병증,M48,I652,"Connective Tissue Malignancy, Including I65210 중증도 구분 없음",08,,"I65210, I65220, I65221, I65222"
기타 변형성 등병증,M48,I653,"Connective Tissue Malignancy, Including I65311 W Catastrophic or Severe or Moderate CC",08,,"I65310, I65311, I65320, I65321, I65322, I65323"
기타 변형성 등병증,M48,I681,Non-Surgical Neck and Back Conditions I68113 W Catastrophic CC 중증도,08,,"I68110, I68111, I68112, I68113, I68120, I68121, I68122, I68123"
기타 변형성 등병증,M48,I682,Non-Surgical Neck and Back Conditions I68213 W Catastrophic CC,08,,"I68210, I68211, I68212, I68213, I68220, I68221, I68222, I68223"
기타 변형성 등병증,M48,P641,"Neonate, Admission Weight 1250-1499g P64100 중증도 구분 없음",15,,P64100
기타 변형성 등병증,M48,P651,"Neonate, Admission Weight 1500-1999g P65100 중증도 구분 없음",15,,P65100
기타 변형성 등병증,M48,P661,"Neonate, Admission Weight 2000-2499g P66100 중증도 구분 없음",15,,P66100
기타 변형성 등병증,M48,P662,"Neonate, Admission Weight 2000-2499g P66200 중증도 구분 없음",18-2,,P66200
기타 변형성 등병증,M48,P671,"Neonate, Admission Weight>2499g without P67100 중증도 구분 없음",06,,P67100
기타 변형성 등병증,M48,P672,"Neonate, Admission Weight>2499g without P67200 중증도 구분 없음",15,,P67200
U07의 응급사용,U07,E701,Respiratory Failure E70101 W Catastrophic CC,04,,"E70100, E70101"
U07의 응급사용,U07,T015,OR Procedures for Other Infectious Diseases,18-2,S,"T01500, T01501"
뇌경색증을 유발하지 않은 대뇌동맥의 폐쇄 및 협착,I66,B011,Complex Cerebral Aneurysm Procedures with Stroke,01,S,"B01100, B01101"
뇌경색증을 유발하지 않은 대뇌동맥의 폐쇄 및 협착,I66,P651,"Neonate, Admission Weight 1500-1999g P65100 중증도 구분 없음",15,,P65100
뇌경색증을 유발하지 않은 대뇌동맥의 폐쇄 및 협착,I66,P662,"Neonate, Admission Weight 2000-2499g P66200 중증도 구분 없음",18-2,,P66200
달리 분류되지 않은 기타 관절장애,M25,I141,"Hip and Femur Procedures, Bilateral or Multiple",08,S,"I14100, I14101, I14102"
달리 분류되지 않은 기타 관절장애,M25,I142,"Hip and Femur Procedures, Unilateral",08,S,"I14210, I14211, I14220, I14221"
달리 분류되지 않은 기타 관절장애,M25,I187,Other Shoulder Procedures,08,S,"I18700, I18701"
달리 분류되지 않은 기타 관절장애,M25,I194,Other Knee Joint Procedures,08,S,"I19400, I19401, I19402, I19403"
달리 분류되지 않은 기타 관절장애,M25,I200,Elbow and Forearm Procedures,08,S,"I20000, I20001, I20002"
달리 분류되지 않은 기타 관절장애,M25,I211,Foot and Ankle Tendon and Ligament Procedures,08,S,I21100
달리 분류되지 않은 기타 관절장애,M25,I212,Ankle Osteochondral Lesion Procedures,08,S,"I21200, I21201"
달리 분류되지 않은 기타 관절장애,M25,I213,Other Foot and Ankle Procedures,08,S,"I21300, I21301, I21302"
달리 분류되지 않은 기타 관절장애,M25,I251,Major Wrist and Hand Procedures,08,S,"I25100, I25101, I25102"
달리 분류되지 않은 기타 관절장애,M25,I252,Minor Wrist and Hand Procedures,08,S,"I25200, I25201, I25202, I25203"
달리 분류되지 않은 기타 관절장애,M25,I695,Gout and Specific Arthropathies I69503 W Catastrophic CC,08,,"I69500, I69501, I69502, I69503"
달리 분류되지 않은 기타 관절장애,M25,I710,Musculotendinous Disorders I71003 W Catastrophic CC,08,,"I71000, I71001, I71002, I71003"
달리 분류되지 않은 기타 관절장애,M25,I760,"Other Musculoskeletal Diseases, Age ≤18 I76011 W Catastrophic or Severe CC",08,,"I76010, I76011, I76020, I76021, I76022"
달리 분류되지 않은 기타 관절장애,M25,P641,"Neonate, Admission Weight 1250-1499g P64100 중증도 구분 없음",15,,P64100
달리 분류되지 않은 기타 관절장애,M25,P651,"Neonate, Admission Weight 1500-1999g P65100 중증도 구분 없음",15,,P65100
달리 분류되지 않은 기타 관절장애,M25,P652,"Neonate, Admission Weight 1500-1999g P65200 중증도 구분 없음",18-2,,P65200
달리 분류되지 않은 기타 관절장애,M25,P661,"Neonate, Admission Weight 2000-2499g P66100 중증도 구분 없음",15,,P66100
달리 분류되지 않은 기타 관절장애,M25,P662,"Neonate, Admission Weight 2000-2499g P66200 중증도 구분 없음",18-2,,P66200
달리 분류되지 않은 기타 관절장애,M25,P671,"Neonate, Admission Weight>2499g without P67100 중증도 구분 없음",06,,P67100
달리 분류되지 않은 기타 관절장애,M25,P672,"Neonate, Admission Weight>2499g without P67200 중증도 구분 없음",15,,P67200
자궁경부를 제외한 자궁의 기타 비염증성 장애,N85,N620,Menstrual and Other Female Reproductive N62003 W Catastrophic CC,13,,"N62000, N62001, N62002, N62003"
급성 림프절염,L04,J621,Bullous Diseases J62101 W Catastrophic or Severe CC,09,,"J62100, J62101"
급성 림프절염,L04,L120,Other Percutaneous Procedures of Kidney and Urinary Tract Diseases,11,S,"L12000, L12001, L12002"
급성 림프절염,L04,P641,"Neonate, Admission Weight 1250-1499g P64100 중증도 구분 없음",15,,P64100
급성 림프절염,L04,P651,"Neonate, Admission Weight 1500-1999g P65100 중증도 구분 없음",15,,P65100
급성 림프절염,L04,P652,"Neonate, Admission Weight 1500-1999g P65200 중증도 구분 없음",18-2,,P65200
급성 림프절염,L04,P661,"Neonate, Admission Weight 2000-2499g P66100 중증도 구분 없음",15,,P66100
급성 림프절염,L04,P662,"Neonate, Admission Weight 2000-2499g P66200 중증도 구분 없음",18-2,,P66200
급성 림프절염,L04,P671,"Neonate, Admission Weight>2499g without P67100 중증도 구분 없음",06,,P67100
급성 림프절염,L04,P672,"Neonate, Admission Weight>2499g without P67200 중증도 구분 없음",15,,P67200
급성 림프절염,L04,Q600,"Leukocytes and Blood-Forming Organs, Q60013 W Catastrophic CC",16,,"Q60010, Q60011, Q60012, Q60013, Q60020, Q60021, Q60022, Q60023"
화농성 관절염,M00,I141,"Hip and Femur Procedures, Bilateral or Multiple",08,S,"I14100, I14101, I14102"
화농성 관절염,M00,I142,"Hip and Femur Procedures, Unilateral",08,S,"I14210, I14211, I14220, I14221"
화농성 관절염,M00,I187,Other Shoulder Procedures,08,S,"I18700, I18701"
화농성 관절염,M00,I194,Other Knee Joint Procedures,08,S,"I19400, I19401, I19402, I19403"
화농성 관절염,M00,I200,Elbow and Forearm Procedures,08,S,"I20000, I20001, I20002"
화농성 관절염,M00,I211,Foot and Ankle Tendon and Ligament Procedures,08,S,I21100
화농성 관절염,M00,I212,Ankle Osteochondral Lesion Procedures,08,S,"I21200, I21201"
화농성 관절염,M00,I213,Other Foot and Ankle Procedures,08,S,"I21300, I21301, I21302"
화농성 관절염,M00,I251,Major Wrist and Hand Procedures,08,S,"I25100, I25101, I25102"
화농성 관절염,M00,I252,Minor Wrist and Hand Procedures,08,S,"I25200, I25201, I25202, I25203"
화농성 관절염,M00,I670,Septic Arthritis I67002 W Catastrophic CC,08,,"I67000, I67001, I67002"
화농성 관절염,M00,P641,"Neonate, Admission Weight 1250-1499g P64100 중증도 구분 없음",15,,P64100
화농성 관절염,M00,P651,"Neonate, Admission Weight 1500-1999g P65100 중증도 구분 없음",15,,P65100
화농성 관절염,M00,P652,"Neonate, Admission Weight 1500-1999g P65200 중증도 구분 없음",18-2,,P65200
화농성 관절염,M00,P661,"Neonate, Admission Weight 2000-2499g P66100 중증도 구분 없음",15,,P66100
화농성 관절염,M00,P662,"Neonate, Admission Weight 2000-2499g P66200 중증도 구분 없음",18-2,,P66200
화농성 관절염,M00,P671,"Neonate, Admission Weight>2499g without P67100 중증도 구분 없음",06,,P67100
화농성 관절염,M00,P672,"Neonate, Admission Weight>2499g without P67200 중증도 구분 없음",15,,P67200
화농성 관절염,M00,S640,Other HIV S64001 W Catastrophic CC,18-1,,"S64000, S64001"
피부 및 피하조직의 모낭낭,L72,J700,Other Minor Skin Diseases J70003 W Catastrophic CC,09,,"J70000, J70001, J70002, J70003"
위염 및 십이지장염,K29,G213,Open Appendectomy with Complicated Principal Diagnoses,06,S,"G21300, G21301, G21302"
위염 및 십이지장염,K29,G503,Gastroscopy for Major Digestive Diseases,06,S,"G50300, G50301, G50302, G50303"
위염 및 십이지장염,K29,G672,"Esophagitis and Gastroduodenitis, Age G67211 W Catastrophic or Severe CC",06,,"G67210, G67211, G67220, G67221, G67222"
위염 및 십이지장염,K29,P641,"Neonate, Admission Weight 1250-1499g P64100 중증도 구분 없음",15,,P64100
위염 및 십이지장염,K29,P651,"Neonate, Admission Weight 1500-1999g P65100 중증도 구분 없음",15,,P65100
위염 및 십이지장염,K29,P652,"Neonate, Admission Weight 1500-1999g P65200 중증도 구분 없음",18-2,,P65200
위염 및 십이지장염,K29,P661,"Neonate, Admission Weight 2000-2499g P66100 중증도 구분 없음",15,,P66100
위염 및 십이지장염,K29,P671,"Neonate, Admission Weight>2499g without P67100 중증도 구분 없음",06,,P67100
전음성 및 감각신경성 청력소실,H90,D650,"Hearing Impairment, Age ≤18 D65010 중증도 구분 없음",03,,"D65010, D65020, D65021, D65022"
전음성 및 감각신경성 청력소실,H90,F121,Percutaneous Coronary Artery Procedures F12102 W Catastrophic CC,05,,"F12100, F12101, F12102"
전음성 및 감각신경성 청력소실,H90,F730,Valvular Diseases F73002 W Catastrophic CC,19,,"F73000, F73001, F73002"
전음성 및 감각신경성 청력소실,H90,F800,Other Circulatory System Diseases F80003 W Catastrophic CC,05,,"F80000, F80001, F80002, F80003"
전음성 및 감각신경성 청력소실,H90,I011,Bilateral or Multiple Major Joint Procedures(Replacement),08,S,"I01100, I01101"
전음성 및 감각신경성 청력소실,H90,I012,Bilateral or Multiple Major Joint Procedures(Except Replacement),08,S,"I01200, I01201, I01202"
전음성 및 감각신경성 청력소실,H90,I050,Vascularized Osteocutaneous Free Flap and Limb Reattachment Procedures,08,S,I05000
전음성 및 감각신경성 청력소실,H90,P661,"Neonate, Admission Weight 2000-2499g P66100 중증도 구분 없음",15,,P66100
전음성 및 감각신경성 청력소실,H90,P672,"Neonate, Admission Weight>2499g without P67200 중증도 구분 없음",15,,P67200
심장중격의 선천기형,Q21,F171,Percutaneous Angioplasty with Stent for Stenotic Lesion of Congenital Heart Disease,05,S,"F17100, F17101"
심장중격의 선천기형,Q21,F720,Congenital Heart Diseases F72003 W Catastrophic CC,19,,"F72000, F72001, F72002, F72003"
심장중격의 선천기형,Q21,P641,"Neonate, Admission Weight 1250-1499g P64100 중증도 구분 없음",15,,P64100
심장중격의 선천기형,Q21,P651,"Neonate, Admission Weight 1500-1999g P65100 중증도 구분 없음",15,,P65100
심장중격의 선천기형,Q21,P652,"Neonate, Admission Weight 1500-1999g P65200 중증도 구분 없음",18-2,,P65200
심장중격의 선천기형,Q21,P661,"Neonate, Admission Weight 2000-2499g P66100 중증도 구분 없음",15,,P66100
심장중격의 선천기형,Q21,P662,"Neonate, Admission Weight 2000-2499g P66200 중증도 구분 없음",18-2,,P66200
심장중격의 선천기형,Q21,P671,"Neonate, Admission Weight>2499g without P67100 중증도 구분 없음",06,,P67100
심장중격의 선천기형,Q21,P672,"Neonate, Admission Weight>2499g without P67200 중증도 구분 없음",15,,P67200
"견갑대의 관절 및 인대의 탈구, 염좌 및 긴장",S43,E682,Other Chest Trauma E68202 W Catastrophic CC,04,,"E68200, E68201, E68202"
"견갑대의 관절 및 인대의 탈구, 염좌 및 긴장",S43,I187,Other Shoulder Procedures,08,S,"I18700, I18701"
"견갑대의 관절 및 인대의 탈구, 염좌 및 긴장",S43,I750,"Injuries to Shoulder, Arm, Elbow, Knee, I75010 중증도 구분 없음",08,,"I75010, I75020, I75021, I75022, I75023"
"견갑대의 관절 및 인대의 탈구, 염좌 및 긴장",S43,P651,"Neonate, Admission Weight 1500-1999g P65100 중증도 구분 없음",15,,P65100
"견갑대의 관절 및 인대의 탈구, 염좌 및 긴장",S43,P652,"Neonate, Admission Weight 1500-1999g P65200 중증도 구분 없음",18-2,,P65200
"견갑대의 관절 및 인대의 탈구, 염좌 및 긴장",S43,P661,"Neonate, Admission Weight 2000-2499g P66100 중증도 구분 없음",15,,P66100
"견갑대의 관절 및 인대의 탈구, 염좌 및 긴장",S43,P662,"Neonate, Admission Weight 2000-2499g P66200 중증도 구분 없음",18-2,,P66200
"견갑대의 관절 및 인대의 탈구, 염좌 및 긴장",S43,P671,"Neonate, Admission Weight>2499g without P67100 중증도 구분 없음",06,,P67100
"견갑대의 관절 및 인대의 탈구, 염좌 및 긴장",S43,P672,"Neonate, Admission Weight>2499g without P67200 중증도 구분 없음",15,,P67200
"견갑대의 관절 및 인대의 탈구, 염좌 및 긴장",S43,W600,"Multiple Trauma, Transferred to Another W60000 중증도 구분 없음",21-1,,W60000
"견갑대의 관절 및 인대의 탈구, 염좌 및 긴장",S43,W610,Multiple Trauma without Procedures W61002 W Catastrophic CC,21-1,,"W61000, W61001, W61002"
"견갑대의 관절 및 인대의 탈구, 염좌 및 긴장",S43,X600,"Injuries, Age ≤18 X60011 W Catastrophic or Severe or Moderate",21-2,,"X60010, X60011, X60020, X60021, X60030, X60031, X60032"
췌장의 기타 질환,K86,G523,Colonoscopy for Major Digestive Diseases,06,S,"G52300, G52301, G52302, G52303"
췌장의 기타 질환,K86,G613,Other Gastrointestinal Hemorrhage without G61313 W Catastrophic CC,00,,"G61310, G61311, G61312, G61313, G61320, G61321, G61322, G61323"
췌장의 기타 질환,K86,H641,Diseases of Pancreas except Malignancy H64100 중증도 구분 없음,07,,H64100
췌장의 기타 질환,K86,P672,"Neonate, Admission Weight>2499g without P67200 중증도 구분 없음",15,,P67200
비화농성 중이염,H65,D621,Inner and Middle Ear Infections and D62100 중증도 구분 없음,03,,D62100
비화농성 중이염,H65,D622,Inner and Middle Ear Infections and D62201 W Catastrophic CC,08,,"D62200, D62201"
비화농성 중이염,H65,H671,Other Hepatitis with Complications H67101 W Catastrophic CC,07,,"H67100, H67101"
비화농성 중이염,H65,H701,Diseases of Biliary Tract with H70113 W Catastrophic CC,03,,"H70110, H70111, H70112, H70113, H70120, H70121, H70122, H70123"
비화농성 중이염,H65,P641,"Neonate, Admission Weight 1250-1499g P64100 중증도 구분 없음",15,,P64100
비화농성 중이염,H65,P651,"Neonate, Admission Weight 1500-1999g P65100 중증도 구분 없음",15,,P65100
비화농성 중이염,H65,P652,"Neonate, Admission Weight 1500-1999g P65200 중증도 구분 없음",18-2,,P65200
비화농성 중이염,H65,P661,"Neonate, Admission Weight 2000-2499g P66100 중증도 구분 없음",15,,P66100
비화농성 중이염,H65,P662,"Neonate, Admission Weight 2000-2499g P66200 중증도 구분 없음",18-2,,P66200
비화농성 중이염,H65,P671,"Neonate, Admission Weight>2499g without P67100 중증도 구분 없음",06,,P67100
비화농성 중이염,H65,P672,"Neonate, Admission Weight>2499g without P67200 중증도 구분 없음",15,,P67200
자반 및 기타 출혈성 병태,D69,D800,Pharynx Diseases D80000 중증도 구분 없음,03,,D80000
자반 및 기타 출혈성 병태,D69,P641,"Neonate, Admission Weight 1250-1499g P64100 중증도 구분 없음",15,,P64100
자반 및 기타 출혈성 병태,D69,P651,"Neonate, Admission Weight 1500-1999g P65100 중증도 구분 없음",15,,P65100
자반 및 기타 출혈성 병태,D69,P652,"Neonate, Admission Weight 1500-1999g P65200 중증도 구분 없음",18-2,,P65200
자반 및 기타 출혈성 병태,D69,P661,"Neonate, Admission Weight 2000-2499g P66100 중증도 구분 없음",15,,P66100
자반 및 기타 출혈성 병태,D69,P672,"Neonate, Admission Weight>2499g without P67200 중증도 구분 없음",15,,P67200
자반 및 기타 출혈성 병태,D69,Q600,"Leukocytes and Blood-Forming Organs, Q60013 W Catastrophic CC",16,,"Q60010, Q60011, Q60012, Q60013, Q60020, Q60021, Q60022, Q60023"
자반 및 기타 출혈성 병태,D69,Q620,"Coagulation Disorders, Age ≤18 Q62011 W Catastrophic CC",16,,"Q62010, Q62011, Q62020, Q62021, Q62022"
자반 및 기타 출혈성 병태,D69,S640,Other HIV S64001 W Catastrophic CC,18-1,,"S64000, S64001"
난소의 악성 신생물,C56,N041,Laparoscopic Ovarian and Adnexa Procedures for Malignancy,13,S,"N04100, N04101, N04102"
난소의 악성 신생물,C56,N601,Malignant Neoplasms of Female N60102 W Catastrophic or Severe CC,15,,"N60100, N60101, N60102"
난소의 악성 신생물,C56,N603,Malignant Neoplasms of Female N60303 W Catastrophic CC,09,,"N60300, N60301, N60302, N60303"
난소의 악성 신생물,C56,P641,"Neonate, Admission Weight 1250-1499g P64100 중증도 구분 없음",15,,P64100
난소의 악성 신생물,C56,P651,"Neonate, Admission Weight 1500-1999g P65100 중증도 구분 없음",15,,P65100
난소의 악성 신생물,C56,P661,"Neonate, Admission Weight 2000-2499g P66100 중증도 구분 없음",15,,P66100
난소의 악성 신생물,C56,P671,"Neonate, Admission Weight>2499g without P67100 중증도 구분 없음",06,,P67100
난소의 악성 신생물,C56,P672,"Neonate, Admission Weight>2499g without P67200 중증도 구분 없음",15,,P67200
달리 분류되지 않은 생체역학적 병변,M99,I681,Non-Surgical Neck and Back Conditions I68113 W Catastrophic CC 중증도,08,,"I68110, I68111, I68112, I68113, I68120, I68121, I68122, I68123"
달리 분류되지 않은 생체역학적 병변,M99,I682,Non-Surgical Neck and Back Conditions I68213 W Catastrophic CC,08,,"I68210, I68211, I68212, I68213, I68220, I68221, I68222, I68223"
달리 분류되지 않은 생체역학적 병변,M99,I710,Musculotendinous Disorders I71003 W Catastrophic CC,08,,"I71000, I71001, I71002, I71003"
달리 분류되지 않은 생체역학적 병변,M99,L622,Non-Infectious Kidney Diseases without L62213 W Catastrophic CC,00,,"L62210, L62211, L62212, L62213, L62220, L62221, L62222, L62223"
달리 분류되지 않은 생체역학적 병변,M99,S640,Other HIV S64001 W Catastrophic CC,18-1,,"S64000, S64001"
하지의 정맥류,I83,F691,Varicose Vein F69100 중증도 구분 없음,05,,F69100
하지의 정맥류,I83,P651,"Neonate, Admission Weight 1500-1999g P65100 중증도 구분 없음",15,,P65100
하지의 정맥류,I83,P652,"Neonate, Admission Weight 1500-1999g P65200 중증도 구분 없음",18-2,,P65200
하지의 정맥류,I83,P661,"Neonate, Admission Weight 2000-2499g P66100 중증도 구분 없음",15,,P66100
하지의 정맥류,I83,P662,"Neonate, Admission Weight 2000-2499g P66200 중증도 구분 없음",18-2,,P66200
기타 만성 폐쇄성 폐질환,J44,E720,Chronic Obstructive Pulmonary Disease E72003 W Catastrophic CC,18-1,,"E72000, E72001, E72002, E72003"
기타 만성 폐쇄성 폐질환,J44,E754,Lung Disease due to Dust E75401 W Catastrophic or Severe CC,04,,"E75400, E75401"
기타 만성 폐쇄성 폐질환,J44,E773,Other Respiratory System Diseases E77303 W Catastrophic CC,04,,"E77300, E77301, E77302, E77303"
기타 만성 폐쇄성 폐질환,J44,J660,"Trauma to Skin, Subcutaneous Tissue and J66011 W Catastrophic or Severe or Moderate",04,,"J66010, J66011, J66020, J66021, J66022, J66023"
기타 만성 폐쇄성 폐질환,J44,J670,Herpes Zoster without Complication J67002 W Catastrophic CC,09,,"J67000, J67001, J67002"
기타 만성 폐쇄성 폐질환,J44,J680,Urticaria J68001 W Catastrophic or Severe or Moderate,04,,"J68000, J68001"
기타 만성 폐쇄성 폐질환,J44,J700,Other Minor Skin Diseases J70003 W Catastrophic CC,09,,"J70000, J70001, J70002, J70003"
기타 만성 폐쇄성 폐질환,J44,P661,"Neonate, Admission Weight 2000-2499g P66100 중증도 구분 없음",15,,P66100
기타 만성 폐쇄성 폐질환,J44,S630,HIV-Related Infection S63000 중증도 구분 없음,18-1,,S63000
기타 만성 폐쇄성 폐질환,J44,S640,Other HIV S64001 W Catastrophic CC,18-1,,"S64000, S64001"
호흡 및 소화기관의 이차성 악성 신생물,C78,E012,Major Lung Procedures for Malignancy,04,S,"E01200, E01201"
호흡 및 소화기관의 이차성 악성 신생물,C78,E671,Respiratory Neoplasm with Radiation E67103 W Catastrophic CC,15,,"E67100, E67101, E67102, E67103"
호흡 및 소화기관의 이차성 악성 신생물,C78,G503,Gastroscopy for Major Digestive Diseases,06,S,"G50300, G50301, G50302, G50303"
호흡 및 소화기관의 이차성 악성 신생물,C78,G523,Colonoscopy for Major Digestive Diseases,06,S,"G52300, G52301, G52302, G52303"
호흡 및 소화기관의 이차성 악성 신생물,C78,G602,Digestive Malignancy with Chemotherapy G60203 W Catastrophic CC,06,,"G60200, G60201, G60202, G60203"
호흡 및 소화기관의 이차성 악성 신생물,C78,G603,Digestive Malignancy without Radiation G60303 W Catastrophic CC,15,,"G60300, G60301, G60302, G60303"
호흡 및 소화기관의 이차성 악성 신생물,C78,H131,Hepatobiliary Diagnostic Procedures for Malignancy,07,S,H13100
호흡 및 소화기관의 이차성 악성 신생물,C78,H623,Malignancy of Liver without Radiation H62303 W Catastrophic CC,06,,"H62300, H62301, H62302, H62303"
호흡 및 소화기관의 이차성 악성 신생물,C78,J632,Malignant Breast Diseases with J63203 W Catastrophic CC,09,,"J63200, J63201, J63202, J63203"
호흡 및 소화기관의 이차성 악성 신생물,C78,L633,Kidney and Urinary Tract Neoplasms L63302 W Catastrophic CC,12,,"L63300, L63301, L63302"
호흡 및 소화기관의 이차성 악성 신생물,C78,P641,"Neonate, Admission Weight 1250-1499g P64100 중증도 구분 없음",15,,P64100
호흡 및 소화기관의 이차성 악성 신생물,C78,P652,"Neonate, Admission Weight 1500-1999g P65200 중증도 구분 없음",18-2,,P65200
호흡 및 소화기관의 이차성 악성 신생물,C78,P661,"Neonate, Admission Weight 2000-2499g P66100 중증도 구분 없음",15,,P66100
호흡 및 소화기관의 이차성 악성 신생물,C78,P662,"Neonate, Admission Weight 2000-2499g P66200 중증도 구분 없음",18-2,,P66200
호흡 및 소화기관의 이차성 악성 신생물,C78,P671,"Neonate, Admission Weight>2499g without P67100 중증도 구분 없음",06,,P67100
호흡 및 소화기관의 이차성 악성 신생물,C78,P672,"Neonate, Admission Weight>2499g without P67200 중증도 구분 없음",15,,P67200
"목부위의 관절 및 인대의 탈구, 염좌 및 긴장",S13,I681,Non-Surgical Neck and Back Conditions I68113 W Catastrophic CC 중증도,08,,"I68110, I68111, I68112, I68113, I68120, I68121, I68122, I68123"
"목부위의 관절 및 인대의 탈구, 염좌 및 긴장",S13,I682,Non-Surgical Neck and Back Conditions I68213 W Catastrophic CC,08,,"I68210, I68211, I68212, I68213, I68220, I68221, I68222, I68223"
"목부위의 관절 및 인대의 탈구, 염좌 및 긴장",S13,I760,"Other Musculoskeletal Diseases, Age ≤18 I76011 W Catastrophic or Severe CC",08,,"I76010, I76011, I76020, I76021, I76022"
"목부위의 관절 및 인대의 탈구, 염좌 및 긴장",S13,P641,"Neonate, Admission Weight 1250-1499g P64100 중증도 구분 없음",15,,P64100
"목부위의 관절 및 인대의 탈구, 염좌 및 긴장",S13,P652,"Neonate, Admission Weight 1500-1999g P65200 중증도 구분 없음",18-2,,P65200
"목부위의 관절 및 인대의 탈구, 염좌 및 긴장",S13,P661,"Neonate, Admission Weight 2000-2499g P66100 중증도 구분 없음",15,,P66100
"목부위의 관절 및 인대의 탈구, 염좌 및 긴장",S13,P662,"Neonate, Admission Weight 2000-2499g P66200 중증도 구분 없음",18-2,,P66200
"목부위의 관절 및 인대의 탈구, 염좌 및 긴장",S13,P671,"Neonate, Admission Weight>2499g without P67100 중증도 구분 없음",06,,P67100
"목부위의 관절 및 인대의 탈구, 염좌 및 긴장",S13,P672,"Neonate, Admission Weight>2499g without P67200 중증도 구분 없음",15,,P67200
"목부위의 관절 및 인대의 탈구, 염좌 및 긴장",S13,W600,"Multiple Trauma, Transferred to Another W60000 중증도 구분 없음",21-1,,W60000
어깨 및 위팔 부위의 근육 및 힘줄의 손상,S46,I160,"Humerus, Tibia, and Fibula Procedures",08,S,"I16010, I16020, I16021, I16022"
어깨 및 위팔 부위의 근육 및 힘줄의 손상,S46,I187,Other Shoulder Procedures,08,S,"I18700, I18701"
신우를 제외한 신장의 악성 신생물,C64,L631,Kidney and Urinary Tract Neoplasms with L63100 중증도 구분 없음,11,,L63100
고관절증,M16,I141,"Hip and Femur Procedures, Bilateral or Multiple",08,S,"I14100, I14101, I14102"
고관절증,M16,I252,Minor Wrist and Hand Procedures,08,S,"I25200, I25201, I25202, I25203"
고관절증,M16,I696,,08,,"I69600, I69601, I69602"
다발골수종 및 악성 형질세포신생물,C90,P641,"Neonate, Admission Weight 1250-1499g P64100 중증도 구분 없음",15,,P64100
다발골수종 및 악성 형질세포신생물,C90,P662,"Neonate, Admission Weight 2000-2499g P66200 중증도 구분 없음",18-2,,P66200
다발골수종 및 악성 형질세포신생물,C90,P671,"Neonate, Admission Weight>2499g without P67100 중증도 구분 없음",06,,P67100
다발골수종 및 악성 형질세포신생물,C90,R030,Lymphoma and Leukemia with Other OR Procedures,17,S,"R03000, R03001, R03002"
다발골수종 및 악성 형질세포신생물,C90,R601,"Acute Leukemia with Chemoport Insertion, R60112 W Catastrophic CC",17,,"R60110, R60111, R60112, R60120, R60121, R60122"
근육의 기타 장애,M62,I141,"Hip and Femur Procedures, Bilateral or Multiple",08,S,"I14100, I14101, I14102"
근육의 기타 장애,M62,I142,"Hip and Femur Procedures, Unilateral",08,S,"I14210, I14211, I14220, I14221"
근육의 기타 장애,M62,I160,"Humerus, Tibia, and Fibula Procedures",08,S,"I16010, I16020, I16021, I16022"
근육의 기타 장애,M62,I187,Other Shoulder Procedures,08,S,"I18700, I18701"
근육의 기타 장애,M62,I200,Elbow and Forearm Procedures,08,S,"I20000, I20001, I20002"
근육의 기타 장애,M62,I211,Foot and Ankle Tendon and Ligament Procedures,08,S,I21100
근육의 기타 장애,M62,I251,Major Wrist and Hand Procedures,08,S,"I25100, I25101, I25102"
근육의 기타 장애,M62,I252,Minor Wrist and Hand Procedures,08,S,"I25200, I25201, I25202, I25203"
근육의 기타 장애,M62,I710,Musculotendinous Disorders I71003 W Catastrophic CC,08,,"I71000, I71001, I71002, I71003"
근육의 기타 장애,M62,I721,"Infectious Tendinitis, Myositis and Bursitis I72102 W Catastrophic CC",08,,"I72100, I72101, I72102"
근육의 기타 장애,M62,I722,"Noninfectious Tendinitis, Myositis and I72211 W Catastrophic or Severe or Moderate",08,,"I72210, I72211, I72220, I72221, I72222, I72223"
근육의 기타 장애,M62,M630,Other Male Reproductive System Diseases M63000 중증도 구분 없음,12,,M63000
"항뇌전증제, 진정제-수면제 및 항파킨슨제에 의한 중독",T42,P641,"Neonate, Admission Weight 1250-1499g P64100 중증도 구분 없음",15,,P64100
"항뇌전증제, 진정제-수면제 및 항파킨슨제에 의한 중독",T42,P651,"Neonate, Admission Weight 1500-1999g P65100 중증도 구분 없음",15,,P65100
"항뇌전증제, 진정제-수면제 및 항파킨슨제에 의한 중독",T42,P652,"Neonate, Admission Weight 1500-1999g P65200 중증도 구분 없음",18-2,,P65200
"항뇌전증제, 진정제-수면제 및 항파킨슨제에 의한 중독",T42,P671,"Neonate, Admission Weight>2499g without P67100 중증도 구분 없음",06,,P67100
"항뇌전증제, 진정제-수면제 및 항파킨슨제에 의한 중독",T42,X620,"Poisoning, Toxic Effects of Drugs and X62011 W Catastrophic or Severe CC",21-2,,"X62010, X62011, X62020, X62021, X62022, X62023"
결합조직 및 기타 연조직의 기타 양성 신생물,D21,I187,Other Shoulder Procedures,08,S,"I18700, I18701"
결합조직 및 기타 연조직의 기타 양성 신생물,D21,I760,"Other Musculoskeletal Diseases, Age ≤18 I76011 W Catastrophic or Severe CC",08,,"I76010, I76011, I76020, I76021, I76022"
결합조직 및 기타 연조직의 기타 양성 신생물,D21,J071,Minor Breast Procedures using Vaccum-Assisted Biopsy Device,09,S,J07100
결합조직 및 기타 연조직의 기타 양성 신생물,D21,J080,Procedures of Axillary Lymph Node,09,S,"J08000, J08001"
결합조직 및 기타 연조직의 기타 양성 신생물,D21,J090,Other Breast and Axillary Procedures,09,S,"J09000, J09001"
결합조직 및 기타 연조직의 기타 양성 신생물,D21,J502,Needle Biopsy for Breast Diseases except Malignancy,09,S,J50200
결합조직 및 기타 연조직의 기타 양성 신생물,D21,P661,"Neonate, Admission Weight 2000-2499g P66100 중증도 구분 없음",15,,P66100
결합조직 및 기타 연조직의 기타 양성 신생물,D21,P662,"Neonate, Admission Weight 2000-2499g P66200 중증도 구분 없음",18-2,,P66200
결합조직 및 기타 연조직의 기타 양성 신생물,D21,P672,"Neonate, Admission Weight>2499g without P67200 중증도 구분 없음",15,,P67200
방광염,N30,L643,"Lower Urinary Tract Infections, Age ＜65 L64313 W Catastrophic CC",11,,"L64310, L64311, L64312, L64313, L64320, L64321, L64322, L64323, L64330, L64331, L64332, L64333"
방광염,N30,L662,Kidney and Urinary Tract Signs and L66202 W Catastrophic CC,18-1,,"L66200, L66201, L66202"
방광염,N30,L680,Other Kidney and Urinary Tract Diseases L68003 W Catastrophic CC,11,,"L68000, L68001, L68002, L68003"
방광염,N30,P641,"Neonate, Admission Weight 1250-1499g P64100 중증도 구분 없음",15,,P64100
방광염,N30,P651,"Neonate, Admission Weight 1500-1999g P65100 중증도 구분 없음",15,,P65100
방광염,N30,P652,"Neonate, Admission Weight 1500-1999g P65200 중증도 구분 없음",18-2,,P65200
달리 분류되지 않은 소화계통의 처치후 장애,K91,G673,Other Gastrointestinal Symptoms G67302 W Catastrophic CC,06,,"G67300, G67301, G67302"
달리 분류되지 않은 소화계통의 처치후 장애,K91,G683,Complication following Digestive System G68302 W Catastrophic CC,06,,"G68300, G68301, G68302"
달리 분류되지 않은 소화계통의 처치후 장애,K91,H702,Diseases of Biliary Tract without H70203 W Catastrophic CC,15,,"H70200, H70201, H70202, H70203"
달리 분류되지 않은 소화계통의 처치후 장애,K91,J622,Other Severe Skin Diseases J62201 W Catastrophic or Severe or Moderate,09,,"J62200, J62201"
여성생식기탈출,N81,N620,Menstrual and Other Female Reproductive N62003 W Catastrophic CC,13,,"N62000, N62001, N62002, N62003"
여성생식기탈출,N81,P641,"Neonate, Admission Weight 1250-1499g P64100 중증도 구분 없음",15,,P64100
여성생식기탈출,N81,P651,"Neonate, Admission Weight 1500-1999g P65100 중증도 구분 없음",15,,P65100
여성생식기탈출,N81,P652,"Neonate, Admission Weight 1500-1999g P65200 중증도 구분 없음",18-2,,P65200
여성생식기탈출,N81,P661,"Neonate, Admission Weight 2000-2499g P66100 중증도 구분 없음",15,,P66100
여성생식기탈출,N81,P662,"Neonate, Admission Weight 2000-2499g P66200 중증도 구분 없음",18-2,,P66200
여성생식기탈출,N81,P671,"Neonate, Admission Weight>2499g without P67100 중증도 구분 없음",06,,P67100
여성생식기탈출,N81,P672,"Neonate, Admission Weight>2499g without P67200 중증도 구분 없음",15,,P67200
동맥 및 세동맥의 기타 장애,I77,F181,Percutaneous Embolization for Arteriovenous Malformation except Head and Neck,05,S,F18100
동맥 및 세동맥의 기타 장애,I77,F194,Percutaneous Procedures of Chronic Obstructive Peripheral Artery Disease(Multiple),05,S,"F19400, F19401"
동맥 및 세동맥의 기타 장애,I77,F640,Thrombophlebitis F64002 W Catastrophic CC,19,,"F64000, F64001, F64002"
동맥 및 세동맥의 기타 장애,I77,F692,Other Vascular Diseases F69203 W Catastrophic CC,05,,"F69200, F69201, F69202, F69203"
동맥 및 세동맥의 기타 장애,I77,G673,Other Gastrointestinal Symptoms G67302 W Catastrophic CC,06,,"G67300, G67301, G67302"
동맥 및 세동맥의 기타 장애,I77,I667,"Other Connective Tissue Diseases, I66712 W Catastrophic CC",08,,"I66710, I66711, I66712, I66720, I66721, I66722"
동맥 및 세동맥의 기타 장애,I77,P641,"Neonate, Admission Weight 1250-1499g P64100 중증도 구분 없음",15,,P64100
동맥 및 세동맥의 기타 장애,I77,P651,"Neonate, Admission Weight 1500-1999g P65100 중증도 구분 없음",15,,P65100
동맥 및 세동맥의 기타 장애,I77,P652,"Neonate, Admission Weight 1500-1999g P65200 중증도 구분 없음",18-2,,P65200
동맥 및 세동맥의 기타 장애,I77,P662,"Neonate, Admission Weight 2000-2499g P66200 중증도 구분 없음",18-2,,P66200
동맥 및 세동맥의 기타 장애,I77,P671,"Neonate, Admission Weight>2499g without P67100 중증도 구분 없음",06,,P67100
동맥 및 세동맥의 기타 장애,I77,P672,"Neonate, Admission Weight>2499g without P67200 중증도 구분 없음",15,,P67200
식도의 기타 질환,K22,G503,Gastroscopy for Major Digestive Diseases,06,S,"G50300, G50301, G50302, G50303"
식도의 기타 질환,K22,G523,Colonoscopy for Major Digestive Diseases,06,S,"G52300, G52301, G52302, G52303"
식도의 기타 질환,K22,G533,Sigmoidoscopy for Major Digestive Diseases,06,S,"G53300, G53301, G53302, G53303"
식도의 기타 질환,K22,G620,Other Complicated Peptic Ulcer G62001 W Catastrophic CC,06,,"G62000, G62001"
식도의 기타 질환,K22,G630,Other Uncomplicated Peptic Ulcer G63003 W Catastrophic CC,01,,"G63000, G63001, G63002, G63003"
식도의 기타 질환,K22,G673,Other Gastrointestinal Symptoms G67302 W Catastrophic CC,06,,"G67300, G67301, G67302"
독성간질환,K71,H500,Endoscopic Procedures for Bleeding Varices,07,S,"H50000, H50001"
독성간질환,K71,H601,Liver Cirrhosis with Major Complications H60101 W Catastrophic CC,02,,"H60100, H60101"
독성간질환,K71,H603,Liver Cirrhosis without Complications H60302 W Catastrophic CC,15,,"H60300, H60301, H60302"
독성간질환,K71,H671,Other Hepatitis with Complications H67101 W Catastrophic CC,07,,"H67100, H67101"
독성간질환,K71,H672,Other Hepatitis without Complications H67200 중증도 구분 없음,15,,H67200
독성간질환,K71,P641,"Neonate, Admission Weight 1250-1499g P64100 중증도 구분 없음",15,,P64100
독성간질환,K71,P651,"Neonate, Admission Weight 1500-1999g P65100 중증도 구분 없음",15,,P65100
독성간질환,K71,P652,"Neonate, Admission Weight 1500-1999g P65200 중증도 구분 없음",18-2,,P65200
독성간질환,K71,P661,"Neonate, Admission Weight 2000-2499g P66100 중증도 구분 없음",15,,P66100
독성간질환,K71,P671,"Neonate, Admission Weight>2499g without P67100 중증도 구분 없음",06,,P67100
독성간질환,K71,P672,"Neonate, Admission Weight>2499g without P67200 중증도 구분 없음",15,,P67200
기타 심장부정맥,I49,F741,Bradycardia F74102 W Catastrophic CC,05,,"F74100, F74101, F74102"
기타 심장부정맥,I49,F742,Tachycardia F74203 W Catastrophic CC,05,,"F74200, F74201, F74202, F74203"
기타 심장부정맥,I49,F750,Other Arrhythmia and Conduction Disorders F75002 W Catastrophic CC,05,,"F75000, F75001, F75002"
기타 심장부정맥,I49,P641,"Neonate, Admission Weight 1250-1499g P64100 중증도 구분 없음",15,,P64100
기타 심장부정맥,I49,P651,"Neonate, Admission Weight 1500-1999g P65100 중증도 구분 없음",15,,P65100
기타 심장부정맥,I49,P652,"Neonate, Admission Weight 1500-1999g P65200 중증도 구분 없음",18-2,,P65200
기타 심장부정맥,I49,P661,"Neonate, Admission Weight 2000-2499g P66100 중증도 구분 없음",15,,P66100
기타 심장부정맥,I49,P662,"Neonate, Admission Weight 2000-2499g P66200 중증도 구분 없음",18-2,,P66200
기타 심장부정맥,I49,P671,"Neonate, Admission Weight>2499g without P67100 중증도 구분 없음",06,,P67100
기타 심장부정맥,I49,P672,"Neonate, Admission Weight>2499g without P67200 중증도 구분 없음",15,,P67200
"피부의 농양, 종기 및 큰종기",L02,J650,"Cellulitis, Age ≤18 J65012 W Catastrophic CC",09,,"J65010, J65011, J65012, J65020, J65021, J65022, J65023"
급성 A형간염,B15,H661,Acute Viral Hepatitis with Complications H66100 중증도 구분 없음,07,,H66100
급성 A형간염,B15,H672,Other Hepatitis without Complications H67200 중증도 구분 없음,15,,H67200
급성 A형간염,B15,P641,"Neonate, Admission Weight 1250-1499g P64100 중증도 구분 없음",15,,P64100
급성 A형간염,B15,P651,"Neonate, Admission Weight 1500-1999g P65100 중증도 구분 없음",15,,P65100
기타 및 상세불명의 소화기관의 제자리암종,D01,C630,"Other Diseases of the Eye, Age ≤18 C63011 W Catastrophic or Severe or Moderate",02,,"C63010, C63011, C63020, C63021, C63022, C63023"
기타 및 상세불명의 소화기관의 제자리암종,D01,D021,Tympanomastoid Procedures,03,S,"D02100, D02101, D02102"
기타 및 상세불명의 소화기관의 제자리암종,D01,D031,Major External Ear or Other Ear Procedures,03,S,D03100
기타 및 상세불명의 소화기관의 제자리암종,D01,D601,"Ear, Nose, Mouth and Throat Malignancy D60103 W Catastrophic CC",03,,"D60100, D60101, D60102, D60103"
기타 및 상세불명의 소화기관의 제자리암종,D01,E671,Respiratory Neoplasm with Radiation E67103 W Catastrophic CC,15,,"E67100, E67101, E67102, E67103"
기타 및 상세불명의 소화기관의 제자리암종,D01,E672,Respiratory Neoplasm with Chemotherapy E67203 W Catastrophic CC,03,,"E67200, E67201, E67202, E67203"
기타 및 상세불명의 소화기관의 제자리암종,D01,G041,"Rectal Resection, Transanal or Transsacral Approach for Malignancy",06,S,"G04100, G04101"
기타 및 상세불명의 소화기관의 제자리암종,D01,G602,Digestive Malignancy with Chemotherapy G60203 W Catastrophic CC,06,,"G60200, G60201, G60202, G60203"
기타 및 상세불명의 소화기관의 제자리암종,D01,H131,Hepatobiliary Diagnostic Procedures for Malignancy,07,S,H13100
기타 및 상세불명의 소화기관의 제자리암종,D01,H631,Malignancy of Biliary Tract or Pancreas with H63102 W Catastrophic CC,07,,"H63100, H63101, H63102"
기타 및 상세불명의 소화기관의 제자리암종,D01,J071,Minor Breast Procedures using Vaccum-Assisted Biopsy Device,09,S,J07100
기타 및 상세불명의 소화기관의 제자리암종,D01,J072,Open Minor Breast Procedures,09,S,J07200
기타 및 상세불명의 소화기관의 제자리암종,D01,J080,Procedures of Axillary Lymph Node,09,S,"J08000, J08001"
기타 및 상세불명의 소화기관의 제자리암종,D01,J501,Needle Biopsy for Malignant Breast Diseases,09,S,"J50100, J50101"
기타 및 상세불명의 소화기관의 제자리암종,D01,J633,Malignant Breast Diseases without J63301 W Catastrophic CC,15,,"J63300, J63301"
복막염,K65,G503,Gastroscopy for Major Digestive Diseases,06,S,"G50300, G50301, G50302, G50303"
복막염,K65,G523,Colonoscopy for Major Digestive Diseases,06,S,"G52300, G52301, G52302, G52303"
복막염,K65,G682,Diseases of Peritoneum G68201 W Catastrophic CC,06,,"G68200, G68201"
복막염,K65,H611,Alcohol-related Liver diseases with H61101 W Catastrophic CC,06,,"H61100, H61101"
복막염,K65,P641,"Neonate, Admission Weight 1250-1499g P64100 중증도 구분 없음",15,,P64100
복막염,K65,P672,"Neonate, Admission Weight>2499g without P67200 중증도 구분 없음",15,,P67200
시각장애,H54,C630,"Other Diseases of the Eye, Age ≤18 C63011 W Catastrophic or Severe or Moderate",02,,"C63010, C63011, C63020, C63021, C63022, C63023"
자궁경부의 이형성,N87,N620,Menstrual and Other Female Reproductive N62003 W Catastrophic CC,13,,"N62000, N62001, N62002, N62003"
기타 부위의 정맥류,I86,F691,Varicose Vein F69100 중증도 구분 없음,05,,F69100
기타 부위의 정맥류,I86,G503,Gastroscopy for Major Digestive Diseases,06,S,"G50300, G50301, G50302, G50303"
기타 부위의 정맥류,I86,G523,Colonoscopy for Major Digestive Diseases,06,S,"G52300, G52301, G52302, G52303"
기타 부위의 정맥류,I86,M630,Other Male Reproductive System Diseases M63000 중증도 구분 없음,12,,M63000
기타 부위의 정맥류,I86,N620,Menstrual and Other Female Reproductive N62003 W Catastrophic CC,13,,"N62000, N62001, N62002, N62003"
기타 부위의 정맥류,I86,P641,"Neonate, Admission Weight 1250-1499g P64100 중증도 구분 없음",15,,P64100
기타 부위의 정맥류,I86,P652,"Neonate, Admission Weight 1500-1999g P65200 중증도 구분 없음",18-2,,P65200
기타 부위의 정맥류,I86,P661,"Neonate, Admission Weight 2000-2499g P66100 중증도 구분 없음",15,,P66100
기타 및 부위불명 소화기관의 악성 신생물,C26,D602,"Ear, Nose, Mouth and Throat Malignancy D60203 W Catastrophic CC",11,,"D60200, D60201, D60202, D60203"
기타 및 부위불명 소화기관의 악성 신생물,C26,D603,"Ear, Nose, Mouth and Throat Malignancy D60303 W Catastrophic CC",03,,"D60300, D60301, D60302, D60303"
기타 및 부위불명 소화기관의 악성 신생물,C26,G041,"Rectal Resection, Transanal or Transsacral Approach for Malignancy",06,S,"G04100, G04101"
기타 및 부위불명 소화기관의 악성 신생물,C26,G503,Gastroscopy for Major Digestive Diseases,06,S,"G50300, G50301, G50302, G50303"
기타 및 부위불명 소화기관의 악성 신생물,C26,P641,"Neonate, Admission Weight 1250-1499g P64100 중증도 구분 없음",15,,P64100
기타 및 부위불명 소화기관의 악성 신생물,C26,P651,"Neonate, Admission Weight 1500-1999g P65100 중증도 구분 없음",15,,P65100
기타 및 부위불명 소화기관의 악성 신생물,C26,P672,"Neonate, Admission Weight>2499g without P67200 중증도 구분 없음",15,,P67200
골 및 관절연골의 양성 신생물,D16,A091,"Tracheostomy for Face, Mouth and Neck Disorders with Long-Term Ventilator",Pre,S,
골 및 관절연골의 양성 신생물,D16,E671,Respiratory Neoplasm with Radiation E67103 W Catastrophic CC,15,,"E67100, E67101, E67102, E67103"
골 및 관절연골의 양성 신생물,D16,I141,"Hip and Femur Procedures, Bilateral or Multiple",08,S,"I14100, I14101, I14102"
골 및 관절연골의 양성 신생물,D16,I187,Other Shoulder Procedures,08,S,"I18700, I18701"
골 및 관절연골의 양성 신생물,D16,I211,Foot and Ankle Tendon and Ligament Procedures,08,S,I21100
골 및 관절연골의 양성 신생물,D16,I760,"Other Musculoskeletal Diseases, Age ≤18 I76011 W Catastrophic or Severe CC",08,,"I76010, I76011, I76020, I76021, I76022"
골 및 관절연골의 양성 신생물,D16,P641,"Neonate, Admission Weight 1250-1499g P64100 중증도 구분 없음",15,,P64100
골 및 관절연골의 양성 신생물,D16,P651,"Neonate, Admission Weight 1500-1999g P65100 중증도 구분 없음",15,,P65100
골 및 관절연골의 양성 신생물,D16,P652,"Neonate, Admission Weight 1500-1999g P65200 중증도 구분 없음",18-2,,P65200
골 및 관절연골의 양성 신생물,D16,P661,"Neonate, Admission Weight 2000-2499g P66100 중증도 구분 없음",15,,P66100
골 및 관절연골의 양성 신생물,D16,P662,"Neonate, Admission Weight 2000-2499g P66200 중증도 구분 없음",18-2,,P66200
골 및 관절연골의 양성 신생물,D16,P671,"Neonate, Admission Weight>2499g without P67100 중증도 구분 없음",06,,P67100
골 및 관절연골의 양성 신생물,D16,P672,"Neonate, Admission Weight>2499g without P67200 중증도 구분 없음",15,,P67200
고환염 및 부고환염,N45,M620,Inflammation of the Male Reproductive M62003 W Catastrophic CC,12,,"M62000, M62001, M62002, M62003"
기타 및 상세불명 부위의 양성 신생물,D36,G601,Digestive Malignancy with Radiation G60103 W Catastrophic CC,06,,"G60100, G60101, G60102, G60103"
기타 및 상세불명 부위의 양성 신생물,D36,H621,Malignancy of Liver with Radiation Therapy H62102 W Catastrophic CC,15,,"H62100, H62101, H62102"
기타 및 상세불명 부위의 양성 신생물,D36,I760,"Other Musculoskeletal Diseases, Age ≤18 I76011 W Catastrophic or Severe CC",08,,"I76010, I76011, I76020, I76021, I76022"
기타 및 상세불명 부위의 양성 신생물,D36,P641,"Neonate, Admission Weight 1250-1499g P64100 중증도 구분 없음",15,,P64100
기타 및 상세불명 부위의 양성 신생물,D36,P651,"Neonate, Admission Weight 1500-1999g P65100 중증도 구분 없음",15,,P65100
기타 및 상세불명 부위의 양성 신생물,D36,P652,"Neonate, Admission Weight 1500-1999g P65200 중증도 구분 없음",18-2,,P65200
기타 및 상세불명 부위의 양성 신생물,D36,P671,"Neonate, Admission Weight>2499g without P67100 중증도 구분 없음",06,,P67100
윤활막 및 힘줄의 기타 장애,M67,I141,"Hip and Femur Procedures, Bilateral or Multiple",08,S,"I14100, I14101, I14102"
윤활막 및 힘줄의 기타 장애,M67,I142,"Hip and Femur Procedures, Unilateral",08,S,"I14210, I14211, I14220, I14221"
윤활막 및 힘줄의 기타 장애,M67,I160,"Humerus, Tibia, and Fibula Procedures",08,S,"I16010, I16020, I16021, I16022"
윤활막 및 힘줄의 기타 장애,M67,I187,Other Shoulder Procedures,08,S,"I18700, I18701"
윤활막 및 힘줄의 기타 장애,M67,I194,Other Knee Joint Procedures,08,S,"I19400, I19401, I19402, I19403"
윤활막 및 힘줄의 기타 장애,M67,I200,Elbow and Forearm Procedures,08,S,"I20000, I20001, I20002"
윤활막 및 힘줄의 기타 장애,M67,I211,Foot and Ankle Tendon and Ligament Procedures,08,S,I21100
윤활막 및 힘줄의 기타 장애,M67,I212,Ankle Osteochondral Lesion Procedures,08,S,"I21200, I21201"
윤활막 및 힘줄의 기타 장애,M67,I213,Other Foot and Ankle Procedures,08,S,"I21300, I21301, I21302"
윤활막 및 힘줄의 기타 장애,M67,I251,Major Wrist and Hand Procedures,08,S,"I25100, I25101, I25102"
윤활막 및 힘줄의 기타 장애,M67,I252,Minor Wrist and Hand Procedures,08,S,"I25200, I25201, I25202, I25203"
윤활막 및 힘줄의 기타 장애,M67,I722,"Noninfectious Tendinitis, Myositis and I72211 W Catastrophic or Severe or Moderate",08,,"I72210, I72211, I72220, I72221, I72222, I72223"
기타 및 상세불명 부위의 이차성 악성 신생물,C79,B091,CNS Stereotactic Procedures in Brain Tumor and Other Creation of Lesion,01,S,"B09100, B09101"
기타 및 상세불명 부위의 이차성 악성 신생물,C79,B631,Nervous System Neoplasm with Radiation B63110 중증도 구분 없음,08,,"B63110, B63120, B63121"
기타 및 상세불명 부위의 이차성 악성 신생물,C79,B633,Nervous System Neoplasm without B63311 W Catastrophic or Severe CC,15,,"B63310, B63311, B63320, B63321, B63322, B63323"
기타 및 상세불명 부위의 이차성 악성 신생물,C79,I651,"Connective Tissue Malignancy, Including I65102 W Catastrophic CC",08,,"I65100, I65101, I65102"
기타 및 상세불명 부위의 이차성 악성 신생물,C79,I653,"Connective Tissue Malignancy, Including I65311 W Catastrophic or Severe or Moderate CC",08,,"I65310, I65311, I65320, I65321, I65322, I65323"
기타 및 상세불명 부위의 이차성 악성 신생물,C79,J061,Radical Mastectomy,09,S,"J06100, J06101, J06102"
기타 및 상세불명 부위의 이차성 악성 신생물,C79,J631,Malignant Breast Diseases with Radiation J63103 W Catastrophic CC,08,,"J63100, J63101, J63102, J63103"
기타 및 상세불명 부위의 이차성 악성 신생물,C79,K683,Adrenal Malignancy K68301 W Catastrophic CC,10,,"K68300, K68301"
기타 및 상세불명 부위의 이차성 악성 신생물,C79,L631,Kidney and Urinary Tract Neoplasms with L63100 중증도 구분 없음,11,,L63100
기타 및 상세불명 부위의 이차성 악성 신생물,C79,M101,Other Male Reproductive System Procedures for Malignancy,12,S,"M10100, M10101"
기타 및 상세불명 부위의 이차성 악성 신생물,C79,N041,Laparoscopic Ovarian and Adnexa Procedures for Malignancy,13,S,"N04100, N04101, N04102"
기타 및 상세불명 부위의 이차성 악성 신생물,C79,N072,"Open Cervix, Vagina and Vulva Procedures for Malignancy",13,S,"N07200, N07201"
기타 및 상세불명 부위의 이차성 악성 신생물,C79,N170,Radioimplantation for Malignancy,13,S,"N17000, N17001"
기타 및 상세불명 부위의 이차성 악성 신생물,C79,N602,Malignant Neoplasms of Female N60203 W Catastrophic CC,15,,"N60200, N60201, N60202, N60203"
기타 및 상세불명 부위의 이차성 악성 신생물,C79,P641,"Neonate, Admission Weight 1250-1499g P64100 중증도 구분 없음",15,,P64100
기타 및 상세불명 부위의 이차성 악성 신생물,C79,P651,"Neonate, Admission Weight 1500-1999g P65100 중증도 구분 없음",15,,P65100
기타 및 상세불명 부위의 이차성 악성 신생물,C79,P652,"Neonate, Admission Weight 1500-1999g P65200 중증도 구분 없음",18-2,,P65200
기타 및 상세불명 부위의 이차성 악성 신생물,C79,P662,"Neonate, Admission Weight 2000-2499g P66200 중증도 구분 없음",18-2,,P66200
기타 및 상세불명 부위의 이차성 악성 신생물,C79,P671,"Neonate, Admission Weight>2499g without P67100 중증도 구분 없음",06,,P67100
기타 및 상세불명 부위의 이차성 악성 신생물,C79,P672,"Neonate, Admission Weight>2499g without P67200 중증도 구분 없음",15,,P67200
기타 및 상세불명 부위의 이차성 악성 신생물,C79,R010,Lymphoma and Leukemia with Major OR Procedures,17,S,"R01000, R01001"
기타 및 상세불명 부위의 이차성 악성 신생물,C79,R612,Lymphoma R61203 W Catastrophic CC,10,,"R61200, R61201, R61202, R61203"
하부요로의 결석,N21,L650,Urinary Stones and Obstruction L65003 W Catastrophic CC,11,,"L65000, L65001, L65002, L65003"
기타 특정 관절장애,M24,I141,"Hip and Femur Procedures, Bilateral or Multiple",08,S,"I14100, I14101, I14102"
기타 특정 관절장애,M24,I142,"Hip and Femur Procedures, Unilateral",08,S,"I14210, I14211, I14220, I14221"
기타 특정 관절장애,M24,I187,Other Shoulder Procedures,08,S,"I18700, I18701"
기타 특정 관절장애,M24,I194,Other Knee Joint Procedures,08,S,"I19400, I19401, I19402, I19403"
기타 특정 관절장애,M24,I200,Elbow and Forearm Procedures,08,S,"I20000, I20001, I20002"
기타 특정 관절장애,M24,I211,Foot and Ankle Tendon and Ligament Procedures,08,S,I21100
기타 특정 관절장애,M24,I212,Ankle Osteochondral Lesion Procedures,08,S,"I21200, I21201"
기타 특정 관절장애,M24,I213,Other Foot and Ankle Procedures,08,S,"I21300, I21301, I21302"
기타 특정 관절장애,M24,I251,Major Wrist and Hand Procedures,08,S,"I25100, I25101, I25102"
기타 특정 관절장애,M24,I252,Minor Wrist and Hand Procedures,08,S,"I25200, I25201, I25202, I25203"
기타 특정 관절장애,M24,I695,Gout and Specific Arthropathies I69503 W Catastrophic CC,08,,"I69500, I69501, I69502, I69503"
기타 특정 관절장애,M24,I696,,08,,"I69600, I69601, I69602"
기타 특정 관절장애,M24,I710,Musculotendinous Disorders I71003 W Catastrophic CC,08,,"I71000, I71001, I71002, I71003"
기타 특정 관절장애,M24,I722,"Noninfectious Tendinitis, Myositis and I72211 W Catastrophic or Severe or Moderate",08,,"I72210, I72211, I72220, I72221, I72222, I72223"
기타 특정 관절장애,M24,I740,"Injuries to Forearm, Wrist, Hand and Foot, I74010 중증도 구분 없음",05,,"I74010, I74020, I74021"
기타 특정 관절장애,M24,I750,"Injuries to Shoulder, Arm, Elbow, Knee, I75010 중증도 구분 없음",08,,"I75010, I75020, I75021, I75022, I75023"
기타 특정 관절장애,M24,I760,"Other Musculoskeletal Diseases, Age ≤18 I76011 W Catastrophic or Severe CC",08,,"I76010, I76011, I76020, I76021, I76022"
자궁체부의 악성 신생물,C54,N011,Laparoscopic Uterus Procedures for Malignancy,13,S,"N01100, N01101"
자궁체부의 악성 신생물,C54,P641,"Neonate, Admission Weight 1250-1499g P64100 중증도 구분 없음",15,,P64100
자궁체부의 악성 신생물,C54,P672,"Neonate, Admission Weight>2499g without P67200 중증도 구분 없음",15,,P67200
단핵구성 백혈병,C93,P641,"Neonate, Admission Weight 1250-1499g P64100 중증도 구분 없음",15,,P64100
단핵구성 백혈병,C93,P662,"Neonate, Admission Weight 2000-2499g P66200 중증도 구분 없음",18-2,,P66200
단핵구성 백혈병,C93,P671,"Neonate, Admission Weight>2499g without P67100 중증도 구분 없음",06,,P67100
구역 및 구토,R11,G673,Other Gastrointestinal Symptoms G67302 W Catastrophic CC,06,,"G67300, G67301, G67302"
골수형성이상증후군,D46,I653,"Connective Tissue Malignancy, Including I65311 W Catastrophic or Severe or Moderate CC",08,,"I65310, I65311, I65320, I65321, I65322, I65323"
골수형성이상증후군,D46,P641,"Neonate, Admission Weight 1250-1499g P64100 중증도 구분 없음",15,,P64100
골수형성이상증후군,D46,P652,"Neonate, Admission Weight 1500-1999g P65200 중증도 구분 없음",18-2,,P65200
골수형성이상증후군,D46,P661,"Neonate, Admission Weight 2000-2499g P66100 중증도 구분 없음",15,,P66100
골수형성이상증후군,D46,P662,"Neonate, Admission Weight 2000-2499g P66200 중증도 구분 없음",18-2,,P66200
골수형성이상증후군,D46,P671,"Neonate, Admission Weight>2499g without P67100 중증도 구분 없음",06,,P67100
골수형성이상증후군,D46,R010,Lymphoma and Leukemia with Major OR Procedures,17,S,"R01000, R01001"
골수형성이상증후군,D46,R030,Lymphoma and Leukemia with Other OR Procedures,17,S,"R03000, R03001, R03002"
상세불명의 혈뇨,R31,L661,Kidney and Urinary Tract Signs and L66100 중증도 구분 없음,11,,L66100
아래다리의 표재성 손상,S80,I750,"Injuries to Shoulder, Arm, Elbow, Knee, I75010 중증도 구분 없음",08,,"I75010, I75020, I75021, I75022, I75023"
아래다리의 표재성 손상,S80,J660,"Trauma to Skin, Subcutaneous Tissue and J66011 W Catastrophic or Severe or Moderate",04,,"J66010, J66011, J66020, J66021, J66022, J66023"
아래다리의 표재성 손상,S80,P641,"Neonate, Admission Weight 1250-1499g P64100 중증도 구분 없음",15,,P64100
아래다리의 표재성 손상,S80,P651,"Neonate, Admission Weight 1500-1999g P65100 중증도 구분 없음",15,,P65100
아래다리의 표재성 손상,S80,P652,"Neonate, Admission Weight 1500-1999g P65200 중증도 구분 없음",18-2,,P65200
아래다리의 표재성 손상,S80,P661,"Neonate, Admission Weight 2000-2499g P66100 중증도 구분 없음",15,,P66100
아래다리의 표재성 손상,S80,W600,"Multiple Trauma, Transferred to Another W60000 중증도 구분 없음",21-1,,W60000
아래다리의 표재성 손상,S80,W610,Multiple Trauma without Procedures W61002 W Catastrophic CC,21-1,,"W61000, W61001, W61002"
방실차단 및 좌각차단,I44,F652,"Other Cardiac Arrest, Unspecified F65201 W Catastrophic CC",19,,"F65200, F65201"
방실차단 및 좌각차단,I44,F741,Bradycardia F74102 W Catastrophic CC,05,,"F74100, F74101, F74102"
방실차단 및 좌각차단,I44,F750,Other Arrhythmia and Conduction Disorders F75002 W Catastrophic CC,05,,"F75000, F75001, F75002"
방실차단 및 좌각차단,I44,P641,"Neonate, Admission Weight 1250-1499g P64100 중증도 구분 없음",15,,P64100
방실차단 및 좌각차단,I44,P651,"Neonate, Admission Weight 1500-1999g P65100 중증도 구분 없음",15,,P65100
방실차단 및 좌각차단,I44,P661,"Neonate, Admission Weight 2000-2499g P66100 중증도 구분 없음",15,,P66100
방실차단 및 좌각차단,I44,P662,"Neonate, Admission Weight 2000-2499g P66200 중증도 구분 없음",18-2,,P66200
방실차단 및 좌각차단,I44,P671,"Neonate, Admission Weight>2499g without P67100 중증도 구분 없음",06,,P67100
방실차단 및 좌각차단,I44,P672,"Neonate, Admission Weight>2499g without P67200 중증도 구분 없음",15,,P67200
이식장치의 조정 및 관리를 위하여 보건서비스와 접하고 있는 사람,Z45,F800,Other Circulatory System Diseases F80003 W Catastrophic CC,05,,"F80000, F80001, F80002, F80003"
이식장치의 조정 및 관리를 위하여 보건서비스와 접하고 있는 사람,Z45,Z640,Other Factors Influencing Health Status Z64002 W Catastrophic CC,23,,"Z64000, Z64001, Z64002"
뇌전증,G40,B012,Simple Cerebral Aneurysm Procedures with Stroke,01,S,B01200
뇌전증,G40,B015,Embolization of Cerebral Aneurysm with Stroke,01,S,"B01500, B01501, B01502"
뇌전증,G40,B017,Combined Procedures in Cerebral Aneurysm with Stroke,01,S,B01700
뇌전증,G40,B018,Combined Procedures in Embolization of Cerebral Aneurysm with Stroke,01,S,"B01800, B01801"
뇌전증,G40,B021,Intracranial Vascular Procedures with Stroke,01,S,"B02100, B02101, B02102"
뇌전증,G40,B023,Embolization of Central Nervous System B02301 W Catastrophic CC,15,,"B02300, B02301"
뇌전증,G40,B041,Extracranial Vascular Procedures with Stroke,01,S,"B04100, B04101"
뇌전증,G40,B670,Transient Cerebral Ischemic Attack B67003 W Catastrophic CC,01,,"B67000, B67001, B67002, B67003"
뇌전증,G40,B681,Intracerebral Hemorrhage B68102 W Catastrophic or Severe CC,11,,"B68100, B68101, B68102"
뇌전증,G40,B682,Subarachnoid Hemorrhage B68203 W Catastrophic CC,01,,"B68200, B68201, B68202, B68203"
뇌전증,G40,B685,Acute Severe Ischemic Stroke B68503 W Catastrophic CC,01,,"B68500, B68501, B68502, B68503"
뇌전증,G40,B686,Other Ischemic or Non-Hemorrhagic Stroke B68602 W Catastrophic or Severe CC,01,,"B68600, B68601, B68602"
뇌전증,G40,B771,Status Epilepticus B77102 W Catastrophic CC,01,,"B77100, B77101, B77102"
뇌전증,G40,B773,"Other Seizure, Age ≤18 B77312 W Catastrophic CC",01,,"B77310, B77311, B77312, B77320, B77321, B77322, B77323"
섬유모세포장애,M72,I141,"Hip and Femur Procedures, Bilateral or Multiple",08,S,"I14100, I14101, I14102"
섬유모세포장애,M72,I142,"Hip and Femur Procedures, Unilateral",08,S,"I14210, I14211, I14220, I14221"
섬유모세포장애,M72,I160,"Humerus, Tibia, and Fibula Procedures",08,S,"I16010, I16020, I16021, I16022"
섬유모세포장애,M72,I187,Other Shoulder Procedures,08,S,"I18700, I18701"
섬유모세포장애,M72,I200,Elbow and Forearm Procedures,08,S,"I20000, I20001, I20002"
섬유모세포장애,M72,I211,Foot and Ankle Tendon and Ligament Procedures,08,S,I21100
섬유모세포장애,M72,I213,Other Foot and Ankle Procedures,08,S,"I21300, I21301, I21302"
섬유모세포장애,M72,I251,Major Wrist and Hand Procedures,08,S,"I25100, I25101, I25102"
섬유모세포장애,M72,I252,Minor Wrist and Hand Procedures,08,S,"I25200, I25201, I25202, I25203"
섬유모세포장애,M72,I721,"Infectious Tendinitis, Myositis and Bursitis I72102 W Catastrophic CC",08,,"I72100, I72101, I72102"
섬유모세포장애,M72,I722,"Noninfectious Tendinitis, Myositis and I72211 W Catastrophic or Severe or Moderate",08,,"I72210, I72211, I72220, I72221, I72222, I72223"
섬유모세포장애,M72,P641,"Neonate, Admission Weight 1250-1499g P64100 중증도 구분 없음",15,,P64100
섬유모세포장애,M72,P651,"Neonate, Admission Weight 1500-1999g P65100 중증도 구분 없음",15,,P65100
섬유모세포장애,M72,P652,"Neonate, Admission Weight 1500-1999g P65200 중증도 구분 없음",18-2,,P65200
섬유모세포장애,M72,P661,"Neonate, Admission Weight 2000-2499g P66100 중증도 구분 없음",15,,P66100
섬유모세포장애,M72,P662,"Neonate, Admission Weight 2000-2499g P66200 중증도 구분 없음",18-2,,P66200
섬유모세포장애,M72,P671,"Neonate, Admission Weight>2499g without P67100 중증도 구분 없음",06,,P67100
섬유모세포장애,M72,P672,"Neonate, Admission Weight>2499g without P67200 중증도 구분 없음",15,,P67200
기타 관절증,M19,I141,"Hip and Femur Procedures, Bilateral or Multiple",08,S,"I14100, I14101, I14102"
기타 관절증,M19,I142,"Hip and Femur Procedures, Unilateral",08,S,"I14210, I14211, I14220, I14221"
기타 관절증,M19,I187,Other Shoulder Procedures,08,S,"I18700, I18701"
기타 관절증,M19,I194,Other Knee Joint Procedures,08,S,"I19400, I19401, I19402, I19403"
기타 관절증,M19,I200,Elbow and Forearm Procedures,08,S,"I20000, I20001, I20002"
기타 관절증,M19,I211,Foot and Ankle Tendon and Ligament Procedures,08,S,I21100
기타 관절증,M19,I212,Ankle Osteochondral Lesion Procedures,08,S,"I21200, I21201"
기타 관절증,M19,I213,Other Foot and Ankle Procedures,08,S,"I21300, I21301, I21302"
기타 관절증,M19,I251,Major Wrist and Hand Procedures,08,S,"I25100, I25101, I25102"
기타 관절증,M19,I252,Minor Wrist and Hand Procedures,08,S,"I25200, I25201, I25202, I25203"
기타 관절증,M19,I694,Osteoarthritis I69400 중증도 구분 없음,08,,I69400
기타 관절증,M19,I696,,08,,"I69600, I69601, I69602"
기타 관절증,M19,I760,"Other Musculoskeletal Diseases, Age ≤18 I76011 W Catastrophic or Severe CC",08,,"I76010, I76011, I76020, I76021, I76022"
달리 분류되지 않은 기타 연조직장애,M79,B718,Neuropathic Pain and Autonomic Nerve B71803 W Catastrophic CC,07,,"B71800, B71801, B71802, B71803"
달리 분류되지 않은 기타 연조직장애,M79,I141,"Hip and Femur Procedures, Bilateral or Multiple",08,S,"I14100, I14101, I14102"
달리 분류되지 않은 기타 연조직장애,M79,I142,"Hip and Femur Procedures, Unilateral",08,S,"I14210, I14211, I14220, I14221"
달리 분류되지 않은 기타 연조직장애,M79,I160,"Humerus, Tibia, and Fibula Procedures",08,S,"I16010, I16020, I16021, I16022"
달리 분류되지 않은 기타 연조직장애,M79,I187,Other Shoulder Procedures,08,S,"I18700, I18701"
달리 분류되지 않은 기타 연조직장애,M79,I194,Other Knee Joint Procedures,08,S,"I19400, I19401, I19402, I19403"
달리 분류되지 않은 기타 연조직장애,M79,I200,Elbow and Forearm Procedures,08,S,"I20000, I20001, I20002"
달리 분류되지 않은 기타 연조직장애,M79,I211,Foot and Ankle Tendon and Ligament Procedures,08,S,I21100
달리 분류되지 않은 기타 연조직장애,M79,I213,Other Foot and Ankle Procedures,08,S,"I21300, I21301, I21302"
달리 분류되지 않은 기타 연조직장애,M79,I251,Major Wrist and Hand Procedures,08,S,"I25100, I25101, I25102"
달리 분류되지 않은 기타 연조직장애,M79,I252,Minor Wrist and Hand Procedures,08,S,"I25200, I25201, I25202, I25203"
달리 분류되지 않은 기타 연조직장애,M79,I696,,08,,"I69600, I69601, I69602"
달리 분류되지 않은 기타 연조직장애,M79,I710,Musculotendinous Disorders I71003 W Catastrophic CC,08,,"I71000, I71001, I71002, I71003"
달리 분류되지 않은 기타 연조직장애,M79,I760,"Other Musculoskeletal Diseases, Age ≤18 I76011 W Catastrophic or Severe CC",08,,"I76010, I76011, I76020, I76021, I76022"
달리 분류되지 않은 기타 연조직장애,M79,J690,Other Moderate Skin Diseases J69003 W Catastrophic CC,09,,"J69000, J69001, J69002, J69003"
달리 분류되지 않은 기타 연조직장애,M79,J700,Other Minor Skin Diseases J70003 W Catastrophic CC,09,,"J70000, J70001, J70002, J70003"
달리 분류되지 않은 기타 연조직장애,M79,S640,Other HIV S64001 W Catastrophic CC,18-1,,"S64000, S64001"
병적 골절을 동반한 골다공증,M80,I141,"Hip and Femur Procedures, Bilateral or Multiple",08,S,"I14100, I14101, I14102"
병적 골절을 동반한 골다공증,M80,I142,"Hip and Femur Procedures, Unilateral",08,S,"I14210, I14211, I14220, I14221"
병적 골절을 동반한 골다공증,M80,I160,"Humerus, Tibia, and Fibula Procedures",08,S,"I16010, I16020, I16021, I16022"
병적 골절을 동반한 골다공증,M80,I187,Other Shoulder Procedures,08,S,"I18700, I18701"
병적 골절을 동반한 골다공증,M80,I200,Elbow and Forearm Procedures,08,S,"I20000, I20001, I20002"
병적 골절을 동반한 골다공증,M80,I211,Foot and Ankle Tendon and Ligament Procedures,08,S,I21100
병적 골절을 동반한 골다공증,M80,I213,Other Foot and Ankle Procedures,08,S,"I21300, I21301, I21302"
병적 골절을 동반한 골다공증,M80,I251,Major Wrist and Hand Procedures,08,S,"I25100, I25101, I25102"
병적 골절을 동반한 골다공증,M80,I252,Minor Wrist and Hand Procedures,08,S,"I25200, I25201, I25202, I25203"
병적 골절을 동반한 골다공증,M80,I696,,08,,"I69600, I69601, I69602"
비특이성 림프절염,I88,G660,Abdominal Pain or Mesenteric Adenitis G66003 W Catastrophic CC,06,,"G66000, G66001, G66002, G66003"
비특이성 림프절염,I88,Q600,"Leukocytes and Blood-Forming Organs, Q60013 W Catastrophic CC",16,,"Q60010, Q60011, Q60012, Q60013, Q60020, Q60021, Q60022, Q60023"
기타 비감염성 위장염 및 결장염,K52,G671,"Enteritis, Age ≤18 G67113 W Catastrophic CC",06,,"G67110, G67111, G67112, G67113, G67120, G67121, G67122, G67123, G67130, G67131, G67132, G67133"
기타 비감염성 위장염 및 결장염,K52,G688,Other Major Digestive system Diseases G68801 W Catastrophic CC,06,,"G68800, G68801"
달리 분류되지 않은 정신작용제에 의한 중독,T43,P641,"Neonate, Admission Weight 1250-1499g P64100 중증도 구분 없음",15,,P64100
달리 분류되지 않은 정신작용제에 의한 중독,T43,P652,"Neonate, Admission Weight 1500-1999g P65200 중증도 구분 없음",18-2,,P65200
달리 분류되지 않은 정신작용제에 의한 중독,T43,P661,"Neonate, Admission Weight 2000-2499g P66100 중증도 구분 없음",15,,P66100
달리 분류되지 않은 정신작용제에 의한 중독,T43,P671,"Neonate, Admission Weight>2499g without P67100 중증도 구분 없음",06,,P67100
달리 분류되지 않은 정신작용제에 의한 중독,T43,P672,"Neonate, Admission Weight>2499g without P67200 중증도 구분 없음",15,,P67200
달리 분류되지 않은 정신작용제에 의한 중독,T43,X620,"Poisoning, Toxic Effects of Drugs and X62011 W Catastrophic or Severe CC",21-2,,"X62010, X62011, X62020, X62021, X62022, X62023"
폐색전증,I26,E600,Pulmonary Embolism E60002 W Catastrophic CC,04,,"E60000, E60001, E60002"
폐색전증,I26,P651,"Neonate, Admission Weight 1500-1999g P65100 중증도 구분 없음",15,,P65100
폐색전증,I26,P661,"Neonate, Admission Weight 2000-2499g P66100 중증도 구분 없음",15,,P66100
폐색전증,I26,P662,"Neonate, Admission Weight 2000-2499g P66200 중증도 구분 없음",18-2,,P66200
기타 외과적 추적치료를 위하여 보건서비스와 접하고 있는 사람,Z48,Z620,Follow-Up Care after Completed Treatment Z62000 중증도 구분 없음,23,,Z62000
기타 외과적 추적치료를 위하여 보건서비스와 접하고 있는 사람,Z48,Z630,Other Follow-Up Care Z63000 중증도 구분 없음,23,,Z63000
기타 및 상세불명의 원인에 의한 수막염,G03,B734,Non-Specific Meningitis B73401 W Catastrophic CC,01,,"B73400, B73401"
기타 및 상세불명의 원인에 의한 수막염,G03,B735,Other Nervous System Infection except B73501 W Catastrophic CC,01,,"B73500, B73501"
기타 및 상세불명의 원인에 의한 수막염,G03,S610,HIV-Related Central Nerve System S61000 중증도 구분 없음,18-1,,S61000
기타 및 상세불명 부위의 제자리암종,D09,C630,"Other Diseases of the Eye, Age ≤18 C63011 W Catastrophic or Severe or Moderate",02,,"C63010, C63011, C63020, C63021, C63022, C63023"
기타 및 상세불명 부위의 제자리암종,D09,L631,Kidney and Urinary Tract Neoplasms with L63100 중증도 구분 없음,11,,L63100
기타 및 상세불명 부위의 제자리암종,D09,R650,Other Neoplastic Diseases R65003 W Catastrophic CC,17,,"R65000, R65001, R65002, R65003"
음식 및 수액 섭취에 관계된 증상 및 징후,R63,K630,"Other Metabolic Disorders, Age ≤18 K63010 중증도 구분 없음",10,,"K63010, K63020, K63021, K63022, K63023"
기타 형태의 마이코박테리아에 의한 감염,A31,E610,Respiratory Tuberculosis E61003 W Catastrophic CC,04,,"E61000, E61001, E61002, E61003"
기타 형태의 마이코박테리아에 의한 감염,A31,J690,Other Moderate Skin Diseases J69003 W Catastrophic CC,09,,"J69000, J69001, J69002, J69003"
기타 형태의 마이코박테리아에 의한 감염,A31,P671,"Neonate, Admission Weight>2499g without P67100 중증도 구분 없음",06,,P67100
기타 형태의 마이코박테리아에 의한 감염,A31,S630,HIV-Related Infection S63000 중증도 구분 없음,18-1,,S63000
기타 형태의 마이코박테리아에 의한 감염,A31,T015,OR Procedures for Other Infectious Diseases,18-2,S,"T01500, T01501"
기타 형태의 마이코박테리아에 의한 감염,A31,T601,Sepsis with Complication T60102 W Catastrophic CC,02,,"T60100, T60101, T60102"
목부위의 신경 및 척수의 손상,S14,A093,"Tracheostomy for Face, Mouth and Neck Disorders without Ventilator",Pre,S,
목부위의 신경 및 척수의 손상,S14,B603,Other Spinal Cord Diseases and Injuries B60302 W Catastrophic CC,01,,"B60300, B60301, B60302"
목부위의 신경 및 척수의 손상,S14,B701,"Injury of Root, Plexus and Nerves of Trunk B70100 중증도 구분 없음",01,,B70100
목부위의 신경 및 척수의 손상,S14,P652,"Neonate, Admission Weight 1500-1999g P65200 중증도 구분 없음",18-2,,P65200
목부위의 신경 및 척수의 손상,S14,P672,"Neonate, Admission Weight>2499g without P67200 중증도 구분 없음",15,,P67200
목부위의 신경 및 척수의 손상,S14,W600,"Multiple Trauma, Transferred to Another W60000 중증도 구분 없음",21-1,,W60000
목부위의 신경 및 척수의 손상,S14,W610,Multiple Trauma without Procedures W61002 W Catastrophic CC,21-1,,"W61000, W61001, W61002"
목부위의 신경 및 척수의 손상,S14,X600,"Injuries, Age ≤18 X60011 W Catastrophic or Severe or Moderate",21-2,,"X60010, X60011, X60020, X60021, X60030, X60031, X60032"
위-식도역류병,K21,G672,"Esophagitis and Gastroduodenitis, Age G67211 W Catastrophic or Severe CC",06,,"G67210, G67211, G67220, G67221, G67222"
위-식도역류병,K21,P672,"Neonate, Admission Weight>2499g without P67200 중증도 구분 없음",15,,P67200
인지기능 및 자각에 관련된 기타 증상 및 징후,R41,S640,Other HIV S64001 W Catastrophic CC,18-1,,"S64000, S64001"
인지기능 및 자각에 관련된 기타 증상 및 징후,R41,T015,OR Procedures for Other Infectious Diseases,18-2,S,"T01500, T01501"
인지기능 및 자각에 관련된 기타 증상 및 징후,R41,T620,"Fever, Age ≤18 T62010 중증도 구분 없음",23,,"T62010, T62020, T62021, T62022"
인지기능 및 자각에 관련된 기타 증상 및 징후,R41,Z610,,23,,"Z61000, Z61001, Z61002, Z61003"
달리 분류되지 않은 호흡부전,J96,A092,"Tracheostomy for Face, Mouth and Neck Disorders with Short-Term Ventilator",Pre,S,
달리 분류되지 않은 호흡부전,J96,A093,"Tracheostomy for Face, Mouth and Neck Disorders without Ventilator",Pre,S,
달리 분류되지 않은 호흡부전,J96,D502,Dental Restorations,03,S,D50200
달리 분류되지 않은 호흡부전,J96,D771,Dental Diseases except Extractions and D77111 W Catastrophic CC,10,,"D77110, D77111, D77120, D77121"
달리 분류되지 않은 호흡부전,J96,E701,Respiratory Failure E70101 W Catastrophic CC,04,,"E70100, E70101"
자궁경부의 제자리암종,D06,M601,Malignancy of Male Reproductive System M60101 W Catastrophic or Severe or Moderate,13,,"M60100, M60101"
자궁경부의 제자리암종,D06,N071,"Laparoscopic Cervix, Vagina and Vulva Procedures for Malignancy",13,S,"N07100, N07101, N07102"
자궁경부의 제자리암종,D06,P672,"Neonate, Admission Weight>2499g without P67200 중증도 구분 없음",15,,P67200
달리 분류되지 않은 처치후 근골격장애,M96,I681,Non-Surgical Neck and Back Conditions I68113 W Catastrophic CC 중증도,08,,"I68110, I68111, I68112, I68113, I68120, I68121, I68122, I68123"
달리 분류되지 않은 처치후 근골격장애,M96,I730,"Aftercare of Musculoskeletal Disorders, I73010 중증도 구분 없음",08,,"I73010, I73020, I73021"
달리 분류되지 않은 처치후 근골격장애,M96,I760,"Other Musculoskeletal Diseases, Age ≤18 I76011 W Catastrophic or Severe CC",08,,"I76010, I76011, I76020, I76021, I76022"
부위의 명시가 없는 악성 신생물,C80,P661,"Neonate, Admission Weight 2000-2499g P66100 중증도 구분 없음",15,,P66100
부위의 명시가 없는 악성 신생물,C80,P662,"Neonate, Admission Weight 2000-2499g P66200 중증도 구분 없음",18-2,,P66200
부위의 명시가 없는 악성 신생물,C80,R030,Lymphoma and Leukemia with Other OR Procedures,17,S,"R03000, R03001, R03002"
부위의 명시가 없는 악성 신생물,C80,R612,Lymphoma R61203 W Catastrophic CC,10,,"R61200, R61201, R61202, R61203"
부위의 명시가 없는 악성 신생물,C80,R650,Other Neoplastic Diseases R65003 W Catastrophic CC,17,,"R65000, R65001, R65002, R65003"
직장구불결장접합부의 악성 신생물,C19,KDRG 미등록,,,,
유방의 기타 장애,N64,J063,Mastectomy except Malignancy,09,S,J06300
유방의 기타 장애,N64,J072,Open Minor Breast Procedures,09,S,J07200
유방의 기타 장애,N64,J080,Procedures of Axillary Lymph Node,09,S,"J08000, J08001"
목의 골절,S12,A091,"Tracheostomy for Face, Mouth and Neck Disorders with Long-Term Ventilator",Pre,S,
목의 골절,S12,A092,"Tracheostomy for Face, Mouth and Neck Disorders with Short-Term Ventilator",Pre,S,
목의 골절,S12,A093,"Tracheostomy for Face, Mouth and Neck Disorders without Ventilator",Pre,S,
목의 골절,S12,D810,Other Neck Diseases D81001 W Catastrophic or Severe CC,03,,"D81000, D81001"
목의 골절,S12,I681,Non-Surgical Neck and Back Conditions I68113 W Catastrophic CC 중증도,08,,"I68110, I68111, I68112, I68113, I68120, I68121, I68122, I68123"
목의 골절,S12,I682,Non-Surgical Neck and Back Conditions I68213 W Catastrophic CC,08,,"I68210, I68211, I68212, I68213, I68220, I68221, I68222, I68223"
목의 골절,S12,P651,"Neonate, Admission Weight 1500-1999g P65100 중증도 구분 없음",15,,P65100
목의 골절,S12,P652,"Neonate, Admission Weight 1500-1999g P65200 중증도 구분 없음",18-2,,P65200
목의 골절,S12,P662,"Neonate, Admission Weight 2000-2499g P66200 중증도 구분 없음",18-2,,P66200
목의 골절,S12,P671,"Neonate, Admission Weight>2499g without P67100 중증도 구분 없음",06,,P67100
목의 골절,S12,P672,"Neonate, Admission Weight>2499g without P67200 중증도 구분 없음",15,,P67200
목의 골절,S12,W600,"Multiple Trauma, Transferred to Another W60000 중증도 구분 없음",21-1,,W60000
목의 골절,S12,W610,Multiple Trauma without Procedures W61002 W Catastrophic CC,21-1,,"W61000, W61001, W61002"
기타 질환 및 장애에 대한 특수선별검사,Z13,Z640,Other Factors Influencing Health Status Z64002 W Catastrophic CC,23,,"Z64000, Z64001, Z64002"
삼차신경의 장애,G50,B715,Cranial Nerve Disorders B71503 W Catastrophic CC,01,,"B71500, B71501, B71502, B71503"
삼차신경의 장애,G50,P652,"Neonate, Admission Weight 1500-1999g P65200 중증도 구분 없음",18-2,,P65200
삼차신경의 장애,G50,P661,"Neonate, Admission Weight 2000-2499g P66100 중증도 구분 없음",15,,P66100
삼차신경의 장애,G50,P662,"Neonate, Admission Weight 2000-2499g P66200 중증도 구분 없음",18-2,,P66200
삼차신경의 장애,G50,P671,"Neonate, Admission Weight>2499g without P67100 중증도 구분 없음",06,,P67100
달리 분류되지 않은 간부전,K72,H500,Endoscopic Procedures for Bleeding Varices,07,S,"H50000, H50001"
달리 분류되지 않은 간부전,K72,H601,Liver Cirrhosis with Major Complications H60101 W Catastrophic CC,02,,"H60100, H60101"
달리 분류되지 않은 간부전,K72,H602,Liver Cirrhosis with Moderate Complications H60202 W Catastrophic CC,02,,"H60200, H60201, H60202"
달리 분류되지 않은 간부전,K72,H671,Other Hepatitis with Complications H67101 W Catastrophic CC,07,,"H67100, H67101"
달리 분류되지 않은 간부전,K72,P652,"Neonate, Admission Weight 1500-1999g P65200 중증도 구분 없음",18-2,,P65200
달리 분류되지 않은 간부전,K72,P661,"Neonate, Admission Weight 2000-2499g P66100 중증도 구분 없음",15,,P66100
달리 분류되지 않은 간부전,K72,P671,"Neonate, Admission Weight>2499g without P67100 중증도 구분 없음",06,,P67100
달리 분류되지 않은 간부전,K72,P672,"Neonate, Admission Weight>2499g without P67200 중증도 구분 없음",15,,P67200
식도의 악성 신생물,C15,G503,Gastroscopy for Major Digestive Diseases,06,S,"G50300, G50301, G50302, G50303"
식도의 악성 신생물,C15,G601,Digestive Malignancy with Radiation G60103 W Catastrophic CC,06,,"G60100, G60101, G60102, G60103"
식도의 악성 신생물,C15,G603,Digestive Malignancy without Radiation G60303 W Catastrophic CC,15,,"G60300, G60301, G60302, G60303"
식도의 악성 신생물,C15,P641,"Neonate, Admission Weight 1250-1499g P64100 중증도 구분 없음",15,,P64100
식도의 악성 신생물,C15,P662,"Neonate, Admission Weight 2000-2499g P66200 중증도 구분 없음",18-2,,P66200
식도의 악성 신생물,C15,P672,"Neonate, Admission Weight>2499g without P67200 중증도 구분 없음",15,,P67200
배꼽탈장,K42,G689,Other Digestive system Diseases G68902 W Catastrophic CC,06,,"G68900, G68901, G68902"
배꼽탈장,K42,P651,"Neonate, Admission Weight 1500-1999g P65100 중증도 구분 없음",15,,P65100
배꼽탈장,K42,P652,"Neonate, Admission Weight 1500-1999g P65200 중증도 구분 없음",18-2,,P65200
배꼽탈장,K42,P671,"Neonate, Admission Weight>2499g without P67100 중증도 구분 없음",06,,P67100
"림프, 조혈 및 관련 조직의 행동양식 불명 및 미상의 기타 신생물",D47,G533,Sigmoidoscopy for Major Digestive Diseases,06,S,"G53300, G53301, G53302, G53303"
"림프, 조혈 및 관련 조직의 행동양식 불명 및 미상의 기타 신생물",D47,I653,"Connective Tissue Malignancy, Including I65311 W Catastrophic or Severe or Moderate CC",08,,"I65310, I65311, I65320, I65321, I65322, I65323"
"림프, 조혈 및 관련 조직의 행동양식 불명 및 미상의 기타 신생물",D47,P641,"Neonate, Admission Weight 1250-1499g P64100 중증도 구분 없음",15,,P64100
"림프, 조혈 및 관련 조직의 행동양식 불명 및 미상의 기타 신생물",D47,P652,"Neonate, Admission Weight 1500-1999g P65200 중증도 구분 없음",18-2,,P65200
"림프, 조혈 및 관련 조직의 행동양식 불명 및 미상의 기타 신생물",D47,P661,"Neonate, Admission Weight 2000-2499g P66100 중증도 구분 없음",15,,P66100
"림프, 조혈 및 관련 조직의 행동양식 불명 및 미상의 기타 신생물",D47,P671,"Neonate, Admission Weight>2499g without P67100 중증도 구분 없음",06,,P67100
"림프, 조혈 및 관련 조직의 행동양식 불명 및 미상의 기타 신생물",D47,R010,Lymphoma and Leukemia with Major OR Procedures,17,S,"R01000, R01001"
기타 무형성빈혈,D61,D680,Paranasal Sinus Infections and D68001 W Catastrophic or Severe or Moderate,15,,"D68000, D68001"
기타 무형성빈혈,D61,P641,"Neonate, Admission Weight 1250-1499g P64100 중증도 구분 없음",15,,P64100
기타 무형성빈혈,D61,P651,"Neonate, Admission Weight 1500-1999g P65100 중증도 구분 없음",15,,P65100
기타 무형성빈혈,D61,P671,"Neonate, Admission Weight>2499g without P67100 중증도 구분 없음",06,,P67100
기타 무형성빈혈,D61,Q610,"Red Blood Cell Diseases, Age ≤18 Q61011 W Catastrophic or Severe or Moderate",16,,"Q61010, Q61011, Q61020, Q61021, Q61022, Q61023"
기타 무형성빈혈,D61,Q620,"Coagulation Disorders, Age ≤18 Q62011 W Catastrophic CC",16,,"Q62010, Q62011, Q62020, Q62021, Q62022"
기타 무형성빈혈,D61,S640,Other HIV S64001 W Catastrophic CC,18-1,,"S64000, S64001"
요관의 악성 신생물,C66,L631,Kidney and Urinary Tract Neoplasms with L63100 중증도 구분 없음,11,,L63100
요관의 악성 신생물,C66,P652,"Neonate, Admission Weight 1500-1999g P65200 중증도 구분 없음",18-2,,P65200
비류마티스성 대동맥판장애,I35,F730,Valvular Diseases F73002 W Catastrophic CC,19,,"F73000, F73001, F73002"
비류마티스성 대동맥판장애,I35,P652,"Neonate, Admission Weight 1500-1999g P65200 중증도 구분 없음",18-2,,P65200
비류마티스성 대동맥판장애,I35,P661,"Neonate, Admission Weight 2000-2499g P66100 중증도 구분 없음",15,,P66100
비류마티스성 대동맥판장애,I35,P662,"Neonate, Admission Weight 2000-2499g P66200 중증도 구분 없음",18-2,,P66200
비류마티스성 대동맥판장애,I35,P671,"Neonate, Admission Weight>2499g without P67100 중증도 구분 없음",06,,P67100
비류마티스성 대동맥판장애,I35,P672,"Neonate, Admission Weight>2499g without P67200 중증도 구분 없음",15,,P67200
림프성 백혈병,C91,P641,"Neonate, Admission Weight 1250-1499g P64100 중증도 구분 없음",15,,P64100
림프성 백혈병,C91,P661,"Neonate, Admission Weight 2000-2499g P66100 중증도 구분 없음",15,,P66100
림프성 백혈병,C91,P662,"Neonate, Admission Weight 2000-2499g P66200 중증도 구분 없음",18-2,,P66200
림프성 백혈병,C91,R010,Lymphoma and Leukemia with Major OR Procedures,17,S,"R01000, R01001"
림프성 백혈병,C91,R030,Lymphoma and Leukemia with Other OR Procedures,17,S,"R03000, R03001, R03002"
간의 기타 질환,K76,H500,Endoscopic Procedures for Bleeding Varices,07,S,"H50000, H50001"
간의 기타 질환,K76,H642,Diseases of Pancreas except Malignancy H64203 W Catastrophic CC,15,,"H64200, H64201, H64202, H64203"
간의 기타 질환,K76,H691,Other Major Liver Diseases H69103 W Catastrophic CC,07,,"H69100, H69101, H69102, H69103"
간의 기타 질환,K76,H692,Other Liver Diseases H69200 중증도 구분 없음,07,,H69200
간의 기타 질환,K76,P652,"Neonate, Admission Weight 1500-1999g P65200 중증도 구분 없음",18-2,,P65200
간의 기타 질환,K76,P672,"Neonate, Admission Weight>2499g without P67200 중증도 구분 없음",15,,P67200
기타 신세뇨관-간질질환,N15,L603,"Acute Renal Failure, Hemodialysis and L60311 W Catastrophic CC",11,,"L60310, L60311, L60320, L60321"
기타 신세뇨관-간질질환,N15,L604,Acute Renal Failure without Renal L60412 W Catastrophic CC,11,,"L60410, L60411, L60412, L60420, L60421, L60422, L60423"
기타 신세뇨관-간질질환,N15,L621,Non-Infectious Kidney Diseases with L62112 W Catastrophic CC,11,,"L62110, L62111, L62112, L62120, L62121"
기타 신세뇨관-간질질환,N15,P641,"Neonate, Admission Weight 1250-1499g P64100 중증도 구분 없음",15,,P64100
기타 신세뇨관-간질질환,N15,P652,"Neonate, Admission Weight 1500-1999g P65200 중증도 구분 없음",18-2,,P65200
혈액화학의 기타 이상소견,R79,Z610,,23,,"Z61000, Z61001, Z61002, Z61003"
음낭수종 및 정액류,N43,M620,Inflammation of the Male Reproductive M62003 W Catastrophic CC,12,,"M62000, M62001, M62002, M62003"
음낭수종 및 정액류,N43,M630,Other Male Reproductive System Diseases M63000 중증도 구분 없음,12,,M63000
음낭수종 및 정액류,N43,P641,"Neonate, Admission Weight 1250-1499g P64100 중증도 구분 없음",15,,P64100
모소낭,L05,J650,"Cellulitis, Age ≤18 J65012 W Catastrophic CC",09,,"J65010, J65011, J65012, J65020, J65021, J65022, J65023"
모소낭,L05,P641,"Neonate, Admission Weight 1250-1499g P64100 중증도 구분 없음",15,,P64100
모소낭,L05,P651,"Neonate, Admission Weight 1500-1999g P65100 중증도 구분 없음",15,,P65100
모소낭,L05,P671,"Neonate, Admission Weight>2499g without P67100 중증도 구분 없음",06,,P67100
모소낭,L05,P672,"Neonate, Admission Weight>2499g without P67200 중증도 구분 없음",15,,P67200
기타 비독성 고이터,E04,A092,"Tracheostomy for Face, Mouth and Neck Disorders with Short-Term Ventilator",Pre,S,
기타 비독성 고이터,E04,A093,"Tracheostomy for Face, Mouth and Neck Disorders without Ventilator",Pre,S,
기타 비독성 고이터,E04,K661,Benign Thyroid Tumor K66101 W Catastrophic or Severe or Moderate,10,,"K66100, K66101"
기타 비독성 고이터,E04,K662,Thyrotoxicosis K66202 W Catastrophic or Severe CC,10,,"K66200, K66201, K66202"
기타 비독성 고이터,E04,K663,Other Thyroid Disorders K66302 W Catastrophic or Severe CC,10,,"K66300, K66301, K66302"
등통증,M54,B171,Spinal Fusion with Myelopathy,01,S,"B17100, B17101, B17102, B17103"
등통증,M54,B173,Laminectomy and Diskectomy with Myelopathy,01,S,"B17300, B17301, B17302"
등통증,M54,B175,Other Spinal Procedures with Myelopathy,01,S,"B17500, B17501"
등통증,M54,I081,Spinal Fusion with Myelopathy,08,S,"I08100, I08101, I08102, I08103"
등통증,M54,I083,Laminectomy and Diskectomy with Myelopathy,08,S,"I08300, I08301, I08302, I08303"
등통증,M54,I085,Other Spinal Procedures with Myelopathy,08,S,"I08500, I08501"
등통증,M54,I142,"Hip and Femur Procedures, Unilateral",08,S,"I14210, I14211, I14220, I14221"
등통증,M54,I213,Other Foot and Ankle Procedures,08,S,"I21300, I21301, I21302"
등통증,M54,I252,Minor Wrist and Hand Procedures,08,S,"I25200, I25201, I25202, I25203"
등통증,M54,I681,Non-Surgical Neck and Back Conditions I68113 W Catastrophic CC 중증도,08,,"I68110, I68111, I68112, I68113, I68120, I68121, I68122, I68123"
등통증,M54,I682,Non-Surgical Neck and Back Conditions I68213 W Catastrophic CC,08,,"I68210, I68211, I68212, I68213, I68220, I68221, I68222, I68223"
등통증,M54,I721,"Infectious Tendinitis, Myositis and Bursitis I72102 W Catastrophic CC",08,,"I72100, I72101, I72102"
등통증,M54,I722,"Noninfectious Tendinitis, Myositis and I72211 W Catastrophic or Severe or Moderate",08,,"I72210, I72211, I72220, I72221, I72222, I72223"
등통증,M54,J690,Other Moderate Skin Diseases J69003 W Catastrophic CC,09,,"J69000, J69001, J69002, J69003"
악성 신생물에 대한 치료후 추적검사,Z08,Z620,Follow-Up Care after Completed Treatment Z62000 중증도 구분 없음,23,,Z62000
마비성 사시,H49,C610,Neurological and Vascular Diseases of the C61003 W Catastrophic CC,02,,"C61000, C61001, C61002, C61003"
달리 분류되지 않은 외과적 및 내과적 치료의 기타 합병증,T81,F692,Other Vascular Diseases F69203 W Catastrophic CC,05,,"F69200, F69201, F69202, F69203"
달리 분류되지 않은 외과적 및 내과적 치료의 기타 합병증,T81,P641,"Neonate, Admission Weight 1250-1499g P64100 중증도 구분 없음",15,,P64100
달리 분류되지 않은 외과적 및 내과적 치료의 기타 합병증,T81,P651,"Neonate, Admission Weight 1500-1999g P65100 중증도 구분 없음",15,,P65100
달리 분류되지 않은 외과적 및 내과적 치료의 기타 합병증,T81,P652,"Neonate, Admission Weight 1500-1999g P65200 중증도 구분 없음",18-2,,P65200
달리 분류되지 않은 외과적 및 내과적 치료의 기타 합병증,T81,P661,"Neonate, Admission Weight 2000-2499g P66100 중증도 구분 없음",15,,P66100
달리 분류되지 않은 외과적 및 내과적 치료의 기타 합병증,T81,P662,"Neonate, Admission Weight 2000-2499g P66200 중증도 구분 없음",18-2,,P66200
달리 분류되지 않은 외과적 및 내과적 치료의 기타 합병증,T81,P671,"Neonate, Admission Weight>2499g without P67100 중증도 구분 없음",06,,P67100
달리 분류되지 않은 외과적 및 내과적 치료의 기타 합병증,T81,P672,"Neonate, Admission Weight>2499g without P67200 중증도 구분 없음",15,,P67200
달리 분류되지 않은 외과적 및 내과적 치료의 기타 합병증,T81,T014,OR Procedures for Postoperative Infections,18-2,S,"T01400, T01401, T01402"
달리 분류되지 않은 외과적 및 내과적 치료의 기타 합병증,T81,X630,Complications of Treatment X63003 W Catastrophic CC,21-2,,"X63000, X63001, X63002, X63003"
"주입, 수혈 및 치료용 주사에 따른 합병증",T80,E600,Pulmonary Embolism E60002 W Catastrophic CC,04,,"E60000, E60001, E60002"
"주입, 수혈 및 치료용 주사에 따른 합병증",T80,F800,Other Circulatory System Diseases F80003 W Catastrophic CC,05,,"F80000, F80001, F80002, F80003"
"주입, 수혈 및 치료용 주사에 따른 합병증",T80,P641,"Neonate, Admission Weight 1250-1499g P64100 중증도 구분 없음",15,,P64100
"주입, 수혈 및 치료용 주사에 따른 합병증",T80,P651,"Neonate, Admission Weight 1500-1999g P65100 중증도 구분 없음",15,,P65100
"주입, 수혈 및 치료용 주사에 따른 합병증",T80,P652,"Neonate, Admission Weight 1500-1999g P65200 중증도 구분 없음",18-2,,P65200
"주입, 수혈 및 치료용 주사에 따른 합병증",T80,P661,"Neonate, Admission Weight 2000-2499g P66100 중증도 구분 없음",15,,P66100
"주입, 수혈 및 치료용 주사에 따른 합병증",T80,P662,"Neonate, Admission Weight 2000-2499g P66200 중증도 구분 없음",18-2,,P66200
"주입, 수혈 및 치료용 주사에 따른 합병증",T80,P671,"Neonate, Admission Weight>2499g without P67100 중증도 구분 없음",06,,P67100
"주입, 수혈 및 치료용 주사에 따른 합병증",T80,P672,"Neonate, Admission Weight>2499g without P67200 중증도 구분 없음",15,,P67200
"주입, 수혈 및 치료용 주사에 따른 합병증",T80,Q610,"Red Blood Cell Diseases, Age ≤18 Q61011 W Catastrophic or Severe or Moderate",16,,"Q61010, Q61011, Q61020, Q61021, Q61022, Q61023"
"주입, 수혈 및 치료용 주사에 따른 합병증",T80,T015,OR Procedures for Other Infectious Diseases,18-2,S,"T01500, T01501"
"주입, 수혈 및 치료용 주사에 따른 합병증",T80,X611,Allergic Reaction with Anaphylaxis X61102 W Catastrophic CC,21-2,,"X61100, X61101, X61102"
"주입, 수혈 및 치료용 주사에 따른 합병증",T80,X612,"Skin Reaction, Serum Sickness and Other X61201 W Catastrophic or Severe or Moderate",21-2,,"X61200, X61201"
"주입, 수혈 및 치료용 주사에 따른 합병증",T80,X630,Complications of Treatment X63003 W Catastrophic CC,21-2,,"X63000, X63001, X63002, X63003"
얼굴 및 목의 기타 선천기형,Q18,D502,Dental Restorations,03,S,D50200
얼굴 및 목의 기타 선천기형,Q18,D660,Ear Trauma and Other Diseases D66001 W Catastrophic or Severe CC,03,,"D66000, D66001"
얼굴 및 목의 기타 선천기형,Q18,D730,Other Nose Diseases D73000 중증도 구분 없음,03,,D73000
얼굴 및 목의 기타 선천기형,Q18,D810,Other Neck Diseases D81001 W Catastrophic or Severe CC,03,,"D81000, D81001"
얼굴 및 목의 기타 선천기형,Q18,F720,Congenital Heart Diseases F72003 W Catastrophic CC,19,,"F72000, F72001, F72002, F72003"
얼굴 및 목의 기타 선천기형,Q18,J700,Other Minor Skin Diseases J70003 W Catastrophic CC,09,,"J70000, J70001, J70002, J70003"
얼굴 및 목의 기타 선천기형,Q18,P641,"Neonate, Admission Weight 1250-1499g P64100 중증도 구분 없음",15,,P64100
얼굴 및 목의 기타 선천기형,Q18,P651,"Neonate, Admission Weight 1500-1999g P65100 중증도 구분 없음",15,,P65100
얼굴 및 목의 기타 선천기형,Q18,P652,"Neonate, Admission Weight 1500-1999g P65200 중증도 구분 없음",18-2,,P65200
얼굴 및 목의 기타 선천기형,Q18,P661,"Neonate, Admission Weight 2000-2499g P66100 중증도 구분 없음",15,,P66100
얼굴 및 목의 기타 선천기형,Q18,P662,"Neonate, Admission Weight 2000-2499g P66200 중증도 구분 없음",18-2,,P66200
얼굴 및 목의 기타 선천기형,Q18,P671,"Neonate, Admission Weight>2499g without P67100 중증도 구분 없음",06,,P67100
얼굴 및 목의 기타 선천기형,Q18,P672,"Neonate, Admission Weight>2499g without P67200 중증도 구분 없음",15,,P67200
신생물에 대한 특수선별검사,Z12,Z640,Other Factors Influencing Health Status Z64002 W Catastrophic CC,23,,"Z64000, Z64001, Z64002"
외이염,H60,D630,External Ear Infections and Inflammations D63000 중증도 구분 없음,03,,D63000
기타 다발신경병증,G62,B717,Peripheral Nerve Disorders B71702 W Catastrophic or Severe CC,01,,"B71700, B71701, B71702"
복벽탈장,K43,G641,Crohn’s disease G64101 W Catastrophic CC,06,,"G64100, G64101"
복벽탈장,K43,G689,Other Digestive system Diseases G68902 W Catastrophic CC,06,,"G68900, G68901, G68902"
기타 및 상세불명의 흉곽내기관의 손상,S27,E681,"Major Chest Trauma, Age ＜65 E68112 W Catastrophic CC",04,,"E68110, E68111, E68112, E68120, E68121, E68122"
기타 및 상세불명의 흉곽내기관의 손상,S27,E682,Other Chest Trauma E68202 W Catastrophic CC,04,,"E68200, E68201, E68202"
기타 및 상세불명의 흉곽내기관의 손상,S27,P641,"Neonate, Admission Weight 1250-1499g P64100 중증도 구분 없음",15,,P64100
기타 및 상세불명의 흉곽내기관의 손상,S27,P651,"Neonate, Admission Weight 1500-1999g P65100 중증도 구분 없음",15,,P65100
기타 및 상세불명의 흉곽내기관의 손상,S27,P662,"Neonate, Admission Weight 2000-2499g P66200 중증도 구분 없음",18-2,,P66200
기타 및 상세불명의 흉곽내기관의 손상,S27,P671,"Neonate, Admission Weight>2499g without P67100 중증도 구분 없음",06,,P67100
기타 및 상세불명의 흉곽내기관의 손상,S27,W610,Multiple Trauma without Procedures W61002 W Catastrophic CC,21-1,,"W61000, W61001, W61002"
심장박동의 이상,R00,F651,Hypothermia Therapy F65100 중증도 구분 없음,19,,F65100
심장박동의 이상,R00,F750,Other Arrhythmia and Conduction Disorders F75002 W Catastrophic CC,05,,"F75000, F75001, F75002"
심장박동의 이상,R00,F790,Palpitation F79001 W Catastrophic CC,19,,"F79000, F79001"
심장박동의 이상,R00,F800,Other Circulatory System Diseases F80003 W Catastrophic CC,05,,"F80000, F80001, F80002, F80003"
식품으로 섭취한 기타 유해물질의 독성효과,T62,P651,"Neonate, Admission Weight 1500-1999g P65100 중증도 구분 없음",15,,P65100
식품으로 섭취한 기타 유해물질의 독성효과,T62,P652,"Neonate, Admission Weight 1500-1999g P65200 중증도 구분 없음",18-2,,P65200
식품으로 섭취한 기타 유해물질의 독성효과,T62,P661,"Neonate, Admission Weight 2000-2499g P66100 중증도 구분 없음",15,,P66100
식품으로 섭취한 기타 유해물질의 독성효과,T62,P662,"Neonate, Admission Weight 2000-2499g P66200 중증도 구분 없음",18-2,,P66200
식품으로 섭취한 기타 유해물질의 독성효과,T62,P672,"Neonate, Admission Weight>2499g without P67200 중증도 구분 없음",15,,P67200
식품으로 섭취한 기타 유해물질의 독성효과,T62,X620,"Poisoning, Toxic Effects of Drugs and X62011 W Catastrophic or Severe CC",21-2,,"X62010, X62011, X62020, X62021, X62022, X62023"
기타 골부착부병증,M77,I141,"Hip and Femur Procedures, Bilateral or Multiple",08,S,"I14100, I14101, I14102"
기타 골부착부병증,M77,I187,Other Shoulder Procedures,08,S,"I18700, I18701"
기타 골부착부병증,M77,I194,Other Knee Joint Procedures,08,S,"I19400, I19401, I19402, I19403"
기타 골부착부병증,M77,I200,Elbow and Forearm Procedures,08,S,"I20000, I20001, I20002"
기타 골부착부병증,M77,I211,Foot and Ankle Tendon and Ligament Procedures,08,S,I21100
기타 골부착부병증,M77,I212,Ankle Osteochondral Lesion Procedures,08,S,"I21200, I21201"
기타 골부착부병증,M77,I251,Major Wrist and Hand Procedures,08,S,"I25100, I25101, I25102"
기타 골부착부병증,M77,I252,Minor Wrist and Hand Procedures,08,S,"I25200, I25201, I25202, I25203"
기타 골부착부병증,M77,I710,Musculotendinous Disorders I71003 W Catastrophic CC,08,,"I71000, I71001, I71002, I71003"
기타 골부착부병증,M77,I722,"Noninfectious Tendinitis, Myositis and I72211 W Catastrophic or Severe or Moderate",08,,"I72210, I72211, I72220, I72221, I72222, I72223"
중이 및 호흡계통의 양성 신생물,D14,A091,"Tracheostomy for Face, Mouth and Neck Disorders with Long-Term Ventilator",Pre,S,
중이 및 호흡계통의 양성 신생물,D14,E671,Respiratory Neoplasm with Radiation E67103 W Catastrophic CC,15,,"E67100, E67101, E67102, E67103"
중이 및 호흡계통의 양성 신생물,D14,E673,Respiratory Neoplasm without Radiation E67303 W Catastrophic CC,15,,"E67300, E67301, E67302, E67303"
중이 및 호흡계통의 양성 신생물,D14,P641,"Neonate, Admission Weight 1250-1499g P64100 중증도 구분 없음",15,,P64100
중이 및 호흡계통의 양성 신생물,D14,P671,"Neonate, Admission Weight>2499g without P67100 중증도 구분 없음",06,,P67100
중이 및 호흡계통의 양성 신생물,D14,P672,"Neonate, Admission Weight>2499g without P67200 중증도 구분 없음",15,,P67200
항문 및 항문관의 악성 신생물,C21,G041,"Rectal Resection, Transanal or Transsacral Approach for Malignancy",06,S,"G04100, G04101"
항문 및 항문관의 악성 신생물,C21,H622,Malignancy of Liver with Chemotherapy H62203 W Catastrophic CC,07,,"H62200, H62201, H62202, H62203"
항문 및 항문관의 악성 신생물,C21,H633,Malignancy of Biliary Tract or Pancreas H63303 W Catastrophic CC,06,,"H63300, H63301, H63302, H63303"
항문 및 항문관의 악성 신생물,C21,P651,"Neonate, Admission Weight 1500-1999g P65100 중증도 구분 없음",15,,P65100
비뇨기관의 양성 신생물,D30,L631,Kidney and Urinary Tract Neoplasms with L63100 중증도 구분 없음,11,,L63100
비뇨기관의 양성 신생물,D30,P641,"Neonate, Admission Weight 1250-1499g P64100 중증도 구분 없음",15,,P64100
비뇨기관의 양성 신생물,D30,P651,"Neonate, Admission Weight 1500-1999g P65100 중증도 구분 없음",15,,P65100
비뇨기관의 양성 신생물,D30,P652,"Neonate, Admission Weight 1500-1999g P65200 중증도 구분 없음",18-2,,P65200
비뇨기관의 양성 신생물,D30,P661,"Neonate, Admission Weight 2000-2499g P66100 중증도 구분 없음",15,,P66100
비뇨기관의 양성 신생물,D30,P662,"Neonate, Admission Weight 2000-2499g P66200 중증도 구분 없음",18-2,,P66200
비뇨기관의 양성 신생물,D30,P671,"Neonate, Admission Weight>2499g without P67100 중증도 구분 없음",06,,P67100
비뇨기관의 양성 신생물,D30,P672,"Neonate, Admission Weight>2499g without P67200 중증도 구분 없음",15,,P67200
성형수술을 포함한 추적치료를 위하여 보건서비스와 접하고 있는 사람,Z42,J063,Mastectomy except Malignancy,09,S,J06300
성형수술을 포함한 추적치료를 위하여 보건서비스와 접하고 있는 사람,Z42,J700,Other Minor Skin Diseases J70003 W Catastrophic CC,09,,"J70000, J70001, J70002, J70003"
기타 신체구조의 진단영상검사상 이상소견,R93,A092,"Tracheostomy for Face, Mouth and Neck Disorders with Short-Term Ventilator",Pre,S,
기타 신체구조의 진단영상검사상 이상소견,R93,A093,"Tracheostomy for Face, Mouth and Neck Disorders without Ventilator",Pre,S,
기타 신체구조의 진단영상검사상 이상소견,R93,B814,Other Nervous System Disorders B81402 W Catastrophic CC,01,,"B81400, B81401, B81402"
기타 신체구조의 진단영상검사상 이상소견,R93,D720,Nasal Trauma D72001 W Catastrophic or Severe CC,03,,"D72000, D72001"
기타 신체구조의 진단영상검사상 이상소견,R93,F800,Other Circulatory System Diseases F80003 W Catastrophic CC,05,,"F80000, F80001, F80002, F80003"
기타 신체구조의 진단영상검사상 이상소견,R93,G673,Other Gastrointestinal Symptoms G67302 W Catastrophic CC,06,,"G67300, G67301, G67302"
기타 신체구조의 진단영상검사상 이상소견,R93,H702,Diseases of Biliary Tract without H70203 W Catastrophic CC,15,,"H70200, H70201, H70202, H70203"
기타 신체구조의 진단영상검사상 이상소견,R93,I760,"Other Musculoskeletal Diseases, Age ≤18 I76011 W Catastrophic or Severe CC",08,,"I76010, I76011, I76020, I76021, I76022"
기타 신체구조의 진단영상검사상 이상소견,R93,L661,Kidney and Urinary Tract Signs and L66100 중증도 구분 없음,11,,L66100
기타 신체구조의 진단영상검사상 이상소견,R93,X600,"Injuries, Age ≤18 X60011 W Catastrophic or Severe or Moderate",21-2,,"X60010, X60011, X60020, X60021, X60030, X60031, X60032"
기타 신체구조의 진단영상검사상 이상소견,R93,Z610,,23,,"Z61000, Z61001, Z61002, Z61003"
철결핍빈혈,D50,P651,"Neonate, Admission Weight 1500-1999g P65100 중증도 구분 없음",15,,P65100
철결핍빈혈,D50,P661,"Neonate, Admission Weight 2000-2499g P66100 중증도 구분 없음",15,,P66100
철결핍빈혈,D50,P671,"Neonate, Admission Weight>2499g without P67100 중증도 구분 없음",06,,P67100
철결핍빈혈,D50,Q610,"Red Blood Cell Diseases, Age ≤18 Q61011 W Catastrophic or Severe or Moderate",16,,"Q61010, Q61011, Q61020, Q61021, Q61022, Q61023"
골연속성의 장애,M84,I141,"Hip and Femur Procedures, Bilateral or Multiple",08,S,"I14100, I14101, I14102"
골연속성의 장애,M84,I160,"Humerus, Tibia, and Fibula Procedures",08,S,"I16010, I16020, I16021, I16022"
골연속성의 장애,M84,I187,Other Shoulder Procedures,08,S,"I18700, I18701"
골연속성의 장애,M84,I200,Elbow and Forearm Procedures,08,S,"I20000, I20001, I20002"
골연속성의 장애,M84,I211,Foot and Ankle Tendon and Ligament Procedures,08,S,I21100
골연속성의 장애,M84,I251,Major Wrist and Hand Procedures,08,S,"I25100, I25101, I25102"
골연속성의 장애,M84,I252,Minor Wrist and Hand Procedures,08,S,"I25200, I25201, I25202, I25203"
골연속성의 장애,M84,I651,"Connective Tissue Malignancy, Including I65102 W Catastrophic CC",08,,"I65100, I65101, I65102"
골연속성의 장애,M84,I652,"Connective Tissue Malignancy, Including I65210 중증도 구분 없음",08,,"I65210, I65220, I65221, I65222"
골연속성의 장애,M84,I653,"Connective Tissue Malignancy, Including I65311 W Catastrophic or Severe or Moderate CC",08,,"I65310, I65311, I65320, I65321, I65322, I65323"
골연속성의 장애,M84,I696,,08,,"I69600, I69601, I69602"
골연속성의 장애,M84,I760,"Other Musculoskeletal Diseases, Age ≤18 I76011 W Catastrophic or Severe CC",08,,"I76010, I76011, I76020, I76021, I76022"
골연속성의 장애,M84,P641,"Neonate, Admission Weight 1250-1499g P64100 중증도 구분 없음",15,,P64100
골연속성의 장애,M84,P651,"Neonate, Admission Weight 1500-1999g P65100 중증도 구분 없음",15,,P65100
골연속성의 장애,M84,P652,"Neonate, Admission Weight 1500-1999g P65200 중증도 구분 없음",18-2,,P65200
골연속성의 장애,M84,P661,"Neonate, Admission Weight 2000-2499g P66100 중증도 구분 없음",15,,P66100
골연속성의 장애,M84,P662,"Neonate, Admission Weight 2000-2499g P66200 중증도 구분 없음",18-2,,P66200
골연속성의 장애,M84,P671,"Neonate, Admission Weight>2499g without P67100 중증도 구분 없음",06,,P67100
골연속성의 장애,M84,P672,"Neonate, Admission Weight>2499g without P67200 중증도 구분 없음",15,,P67200
"고관절의 관절 및 인대의 탈구, 염좌 및 긴장",S73,I141,"Hip and Femur Procedures, Bilateral or Multiple",08,S,"I14100, I14101, I14102"
"고관절의 관절 및 인대의 탈구, 염좌 및 긴장",S73,I142,"Hip and Femur Procedures, Unilateral",08,S,"I14210, I14211, I14220, I14221"
"고관절의 관절 및 인대의 탈구, 염좌 및 긴장",S73,I282,Surgery of Femoral Fracture,08,S,"I28200, I28201, I28202, I28203"
"고관절의 관절 및 인대의 탈구, 염좌 및 긴장",S73,I632,"Sprains and Strains of Hip, Pelvis and I63200 중증도 구분 없음",21-1,,I63200
"고관절의 관절 및 인대의 탈구, 염좌 및 긴장",S73,P661,"Neonate, Admission Weight 2000-2499g P66100 중증도 구분 없음",15,,P66100
"고관절의 관절 및 인대의 탈구, 염좌 및 긴장",S73,P671,"Neonate, Admission Weight>2499g without P67100 중증도 구분 없음",06,,P67100
"고관절의 관절 및 인대의 탈구, 염좌 및 긴장",S73,P672,"Neonate, Admission Weight>2499g without P67200 중증도 구분 없음",15,,P67200
"고관절의 관절 및 인대의 탈구, 염좌 및 긴장",S73,W610,Multiple Trauma without Procedures W61002 W Catastrophic CC,21-1,,"W61000, W61001, W61002"
"고관절의 관절 및 인대의 탈구, 염좌 및 긴장",S73,X011,Microvascular Tissue Transfer for Injuries to Lower Limb,21-2,S,X01100
"고관절의 관절 및 인대의 탈구, 염좌 및 긴장",S73,X041,Bone and Joint Procedures for Injuries to Lower Limb,21-2,S,"X04100, X04101"
"고관절의 관절 및 인대의 탈구, 염좌 및 긴장",S73,X042,Other Procedures for Injuries to Lower Limb,21-2,S,"X04200, X04201, X04202"
뇌 및 중추신경계통의 행동양식 불명 또는 미상의 신생물,D43,B091,CNS Stereotactic Procedures in Brain Tumor and Other Creation of Lesion,01,S,"B09100, B09101"
뇌 및 중추신경계통의 행동양식 불명 또는 미상의 신생물,D43,B631,Nervous System Neoplasm with Radiation B63110 중증도 구분 없음,08,,"B63110, B63120, B63121"
뇌 및 중추신경계통의 행동양식 불명 또는 미상의 신생물,D43,B632,Nervous System Neoplasm with B63203 W Catastrophic CC,01,,"B63200, B63201, B63202, B63203"
뇌 및 중추신경계통의 행동양식 불명 또는 미상의 신생물,D43,B633,Nervous System Neoplasm without B63311 W Catastrophic or Severe CC,15,,"B63310, B63311, B63320, B63321, B63322, B63323"
뇌 및 중추신경계통의 행동양식 불명 또는 미상의 신생물,D43,P641,"Neonate, Admission Weight 1250-1499g P64100 중증도 구분 없음",15,,P64100
뇌 및 중추신경계통의 행동양식 불명 또는 미상의 신생물,D43,P651,"Neonate, Admission Weight 1500-1999g P65100 중증도 구분 없음",15,,P65100
뇌 및 중추신경계통의 행동양식 불명 또는 미상의 신생물,D43,P652,"Neonate, Admission Weight 1500-1999g P65200 중증도 구분 없음",18-2,,P65200
뇌 및 중추신경계통의 행동양식 불명 또는 미상의 신생물,D43,P661,"Neonate, Admission Weight 2000-2499g P66100 중증도 구분 없음",15,,P66100
뇌 및 중추신경계통의 행동양식 불명 또는 미상의 신생물,D43,P662,"Neonate, Admission Weight 2000-2499g P66200 중증도 구분 없음",18-2,,P66200
뇌 및 중추신경계통의 행동양식 불명 또는 미상의 신생물,D43,P671,"Neonate, Admission Weight>2499g without P67100 중증도 구분 없음",06,,P67100
뇌 및 중추신경계통의 행동양식 불명 또는 미상의 신생물,D43,P672,"Neonate, Admission Weight>2499g without P67200 중증도 구분 없음",15,,P67200
뇌 및 중추신경계통의 행동양식 불명 또는 미상의 신생물,D43,R611,Non-Acute Leukemia R61103 W Catastrophic CC,07,,"R61100, R61101, R61102, R61103"
저혈압,I95,F770,Syncope and Collapse F77002 W Catastrophic CC,05,,"F77000, F77001, F77002"
저혈압,I95,F800,Other Circulatory System Diseases F80003 W Catastrophic CC,05,,"F80000, F80001, F80002, F80003"
기타 말초혈관질환,I73,F680,,14,,"F68000, F68001, F68002"
기타 말초혈관질환,I73,F692,Other Vascular Diseases F69203 W Catastrophic CC,05,,"F69200, F69201, F69202, F69203"
기타 말초혈관질환,I73,P641,"Neonate, Admission Weight 1250-1499g P64100 중증도 구분 없음",15,,P64100
머리의 표재성 손상,S00,C620,Hyphema and Medically Managed Trauma C62001 W Catastrophic or Severe CC,12,,"C62000, C62001"
머리의 표재성 손상,S00,J660,"Trauma to Skin, Subcutaneous Tissue and J66011 W Catastrophic or Severe or Moderate",04,,"J66010, J66011, J66020, J66021, J66022, J66023"
머리의 표재성 손상,S00,P641,"Neonate, Admission Weight 1250-1499g P64100 중증도 구분 없음",15,,P64100
머리의 표재성 손상,S00,P651,"Neonate, Admission Weight 1500-1999g P65100 중증도 구분 없음",15,,P65100
머리의 표재성 손상,S00,P652,"Neonate, Admission Weight 1500-1999g P65200 중증도 구분 없음",18-2,,P65200
머리의 표재성 손상,S00,P661,"Neonate, Admission Weight 2000-2499g P66100 중증도 구분 없음",15,,P66100
머리의 표재성 손상,S00,P662,"Neonate, Admission Weight 2000-2499g P66200 중증도 구분 없음",18-2,,P66200
머리의 표재성 손상,S00,P671,"Neonate, Admission Weight>2499g without P67100 중증도 구분 없음",06,,P67100
머리의 표재성 손상,S00,P672,"Neonate, Admission Weight>2499g without P67200 중증도 구분 없음",15,,P67200
갑상선염,E06,A091,"Tracheostomy for Face, Mouth and Neck Disorders with Long-Term Ventilator",Pre,S,
갑상선염,E06,L622,Non-Infectious Kidney Diseases without L62213 W Catastrophic CC,00,,"L62210, L62211, L62212, L62213, L62220, L62221, L62222, L62223"
갑상선염,E06,P651,"Neonate, Admission Weight 1500-1999g P65100 중증도 구분 없음",15,,P65100
기타 윤활낭병증,M71,I141,"Hip and Femur Procedures, Bilateral or Multiple",08,S,"I14100, I14101, I14102"
기타 윤활낭병증,M71,I142,"Hip and Femur Procedures, Unilateral",08,S,"I14210, I14211, I14220, I14221"
기타 윤활낭병증,M71,I160,"Humerus, Tibia, and Fibula Procedures",08,S,"I16010, I16020, I16021, I16022"
기타 윤활낭병증,M71,I187,Other Shoulder Procedures,08,S,"I18700, I18701"
기타 윤활낭병증,M71,I194,Other Knee Joint Procedures,08,S,"I19400, I19401, I19402, I19403"
기타 윤활낭병증,M71,I200,Elbow and Forearm Procedures,08,S,"I20000, I20001, I20002"
기타 윤활낭병증,M71,I211,Foot and Ankle Tendon and Ligament Procedures,08,S,I21100
기타 윤활낭병증,M71,I213,Other Foot and Ankle Procedures,08,S,"I21300, I21301, I21302"
기타 윤활낭병증,M71,I251,Major Wrist and Hand Procedures,08,S,"I25100, I25101, I25102"
기타 윤활낭병증,M71,I252,Minor Wrist and Hand Procedures,08,S,"I25200, I25201, I25202, I25203"
기타 윤활낭병증,M71,I721,"Infectious Tendinitis, Myositis and Bursitis I72102 W Catastrophic CC",08,,"I72100, I72101, I72102"
기타 윤활낭병증,M71,I722,"Noninfectious Tendinitis, Myositis and I72211 W Catastrophic or Severe or Moderate",08,,"I72210, I72211, I72220, I72221, I72222, I72223"
"손목 및 손부위의 관절 및 인대의 탈구, 염좌 및 긴장",S63,I251,Major Wrist and Hand Procedures,08,S,"I25100, I25101, I25102"
"손목 및 손부위의 관절 및 인대의 탈구, 염좌 및 긴장",S63,I252,Minor Wrist and Hand Procedures,08,S,"I25200, I25201, I25202, I25203"
"손목 및 손부위의 관절 및 인대의 탈구, 염좌 및 긴장",S63,I287,Surgery of Hand Fracture,08,S,"I28700, I28701, I28702"
"손목 및 손부위의 관절 및 인대의 탈구, 염좌 및 긴장",S63,I740,"Injuries to Forearm, Wrist, Hand and Foot, I74010 중증도 구분 없음",05,,"I74010, I74020, I74021"
"손목 및 손부위의 관절 및 인대의 탈구, 염좌 및 긴장",S63,P651,"Neonate, Admission Weight 1500-1999g P65100 중증도 구분 없음",15,,P65100
"손목 및 손부위의 관절 및 인대의 탈구, 염좌 및 긴장",S63,P652,"Neonate, Admission Weight 1500-1999g P65200 중증도 구분 없음",18-2,,P65200
"손목 및 손부위의 관절 및 인대의 탈구, 염좌 및 긴장",S63,P661,"Neonate, Admission Weight 2000-2499g P66100 중증도 구분 없음",15,,P66100
"손목 및 손부위의 관절 및 인대의 탈구, 염좌 및 긴장",S63,P662,"Neonate, Admission Weight 2000-2499g P66200 중증도 구분 없음",18-2,,P66200
"손목 및 손부위의 관절 및 인대의 탈구, 염좌 및 긴장",S63,P671,"Neonate, Admission Weight>2499g without P67100 중증도 구분 없음",06,,P67100
"손목 및 손부위의 관절 및 인대의 탈구, 염좌 및 긴장",S63,P672,"Neonate, Admission Weight>2499g without P67200 중증도 구분 없음",15,,P67200
"손목 및 손부위의 관절 및 인대의 탈구, 염좌 및 긴장",S63,W600,"Multiple Trauma, Transferred to Another W60000 중증도 구분 없음",21-1,,W60000
"손목 및 손부위의 관절 및 인대의 탈구, 염좌 및 긴장",S63,W610,Multiple Trauma without Procedures W61002 W Catastrophic CC,21-1,,"W61000, W61001, W61002"
"손목 및 손부위의 관절 및 인대의 탈구, 염좌 및 긴장",S63,X021,Microvascular Tissue Transfer for Injuries to Hand,21-2,S,X02100
"손목 및 손부위의 관절 및 인대의 탈구, 염좌 및 긴장",S63,X022,Local Tissue Transfer and Skin Graft for Injuries to Hand,21-2,S,"X02200, X02201, X02202"
"손목 및 손부위의 관절 및 인대의 탈구, 염좌 및 긴장",S63,X051,Bone and Joint Procedures for Injuries to Hand,21-2,S,"X05100, X05101"
"손목 및 손부위의 관절 및 인대의 탈구, 염좌 및 긴장",S63,X052,Other Procedures for Injuries to Hand,21-2,S,"X05200, X05201, X05202"
"손목 및 손부위의 관절 및 인대의 탈구, 염좌 및 긴장",S63,X600,"Injuries, Age ≤18 X60011 W Catastrophic or Severe or Moderate",21-2,,"X60010, X60011, X60020, X60021, X60030, X60031, X60032"
급성 부비동염,J01,A091,"Tracheostomy for Face, Mouth and Neck Disorders with Long-Term Ventilator",Pre,S,
급성 부비동염,J01,A092,"Tracheostomy for Face, Mouth and Neck Disorders with Short-Term Ventilator",Pre,S,
급성 부비동염,J01,A093,"Tracheostomy for Face, Mouth and Neck Disorders without Ventilator",Pre,S,
급성 부비동염,J01,D680,Paranasal Sinus Infections and D68001 W Catastrophic or Severe or Moderate,15,,"D68000, D68001"
급성 부비동염,J01,D750,"Laryngotracheitis and Epiglottitis, Age D75011 W Catastrophic or Severe CC",03,,"D75010, D75011, D75020, D75021"
급성 부비동염,J01,D790,Pharyngitis and Tonsillitis D79003 W Catastrophic CC,03,,"D79000, D79001, D79002, D79003"
급성 부비동염,J01,E624,"Viral Pneumonia, Child E62402 W Catastrophic CC",04,,"E62400, E62401, E62402"
급성 부비동염,J01,E626,"Viral Pneumonia, Adult(18＜Age＜65) E62611 W Catastrophic or Severe CC",15,,"E62610, E62611, E62620, E62621, E62622"
급성 부비동염,J01,E730,"Bronchitis, Age ≤18 E73012 W Catastrophic CC",04,,"E73010, E73011, E73012, E73020, E73021, E73022"
급성 부비동염,J01,J041,Excision of Malignant Tumor in Skin and Soft Tissue,09,S,J04100
급성 부비동염,J01,J042,Skin and Soft Tissue Procedures,09,S,"J04200, J04201, J04202"
급성 부비동염,J01,J100,Perianal and Pilonidal Procedures,09,S,J10000
급성 부비동염,J01,P641,"Neonate, Admission Weight 1250-1499g P64100 중증도 구분 없음",15,,P64100
급성 부비동염,J01,P651,"Neonate, Admission Weight 1500-1999g P65100 중증도 구분 없음",15,,P65100
급성 부비동염,J01,P652,"Neonate, Admission Weight 1500-1999g P65200 중증도 구분 없음",18-2,,P65200
급성 부비동염,J01,P661,"Neonate, Admission Weight 2000-2499g P66100 중증도 구분 없음",15,,P66100
급성 부비동염,J01,P662,"Neonate, Admission Weight 2000-2499g P66200 중증도 구분 없음",18-2,,P66200
급성 부비동염,J01,P671,"Neonate, Admission Weight>2499g without P67100 중증도 구분 없음",06,,P67100
급성 부비동염,J01,P672,"Neonate, Admission Weight>2499g without P67200 중증도 구분 없음",15,,P67200
급성 부비동염,J01,T015,OR Procedures for Other Infectious Diseases,18-2,S,"T01500, T01501"
헤르페스바이러스[단순헤르페스] 감염,B00,A091,"Tracheostomy for Face, Mouth and Neck Disorders with Long-Term Ventilator",Pre,S,
헤르페스바이러스[단순헤르페스] 감염,B00,B012,Simple Cerebral Aneurysm Procedures with Stroke,01,S,B01200
헤르페스바이러스[단순헤르페스] 감염,B00,B018,Combined Procedures in Embolization of Cerebral Aneurysm with Stroke,01,S,"B01800, B01801"
헤르페스바이러스[단순헤르페스] 감염,B00,B733,Encephalitis except Viral Meningitis B73302 W Catastrophic CC,01,,"B73300, B73301, B73302"
헤르페스바이러스[단순헤르페스] 감염,B00,B740,Viral Meningitis B74001 W Catastrophic CC,01,,"B74000, B74001"
헤르페스바이러스[단순헤르페스] 감염,B00,C600,"Acute and Major Eye Infections, Age ＜65 C60010 중증도 구분 없음",02,,"C60010, C60020"
헤르페스바이러스[단순헤르페스] 감염,B00,E624,"Viral Pneumonia, Child E62402 W Catastrophic CC",04,,"E62400, E62401, E62402"
헤르페스바이러스[단순헤르페스] 감염,B00,J690,Other Moderate Skin Diseases J69003 W Catastrophic CC,09,,"J69000, J69001, J69002, J69003"
헤르페스바이러스[단순헤르페스] 감염,B00,J700,Other Minor Skin Diseases J70003 W Catastrophic CC,09,,"J70000, J70001, J70002, J70003"
헤르페스바이러스[단순헤르페스] 감염,B00,P641,"Neonate, Admission Weight 1250-1499g P64100 중증도 구분 없음",15,,P64100
헤르페스바이러스[단순헤르페스] 감염,B00,P651,"Neonate, Admission Weight 1500-1999g P65100 중증도 구분 없음",15,,P65100
헤르페스바이러스[단순헤르페스] 감염,B00,P661,"Neonate, Admission Weight 2000-2499g P66100 중증도 구분 없음",15,,P66100
헤르페스바이러스[단순헤르페스] 감염,B00,P662,"Neonate, Admission Weight 2000-2499g P66200 중증도 구분 없음",18-2,,P66200
헤르페스바이러스[단순헤르페스] 감염,B00,P671,"Neonate, Admission Weight>2499g without P67100 중증도 구분 없음",06,,P67100
헤르페스바이러스[단순헤르페스] 감염,B00,P672,"Neonate, Admission Weight>2499g without P67200 중증도 구분 없음",15,,P67200
헤르페스바이러스[단순헤르페스] 감염,B00,T015,OR Procedures for Other Infectious Diseases,18-2,S,"T01500, T01501"
헤르페스바이러스[단순헤르페스] 감염,B00,T632,"Herpesviral Diseases, Age ≤18 T63210 중증도 구분 없음",15,,"T63210, T63220, T63221"
기타 전신 증상 및 징후,R68,A091,"Tracheostomy for Face, Mouth and Neck Disorders with Long-Term Ventilator",Pre,S,
기타 전신 증상 및 징후,R68,E771,Respiratory Symptoms and Signs or E77103 W Catastrophic CC,04,,"E77100, E77101, E77102, E77103"
기타 전신 증상 및 징후,R68,K611,Diabetes with Acute Complication K61102 W Catastrophic CC,10,,"K61100, K61101, K61102"
기타 전신 증상 및 징후,R68,L662,Kidney and Urinary Tract Signs and L66202 W Catastrophic CC,18-1,,"L66200, L66201, L66202"
기타 전신 증상 및 징후,R68,Z610,,23,,"Z61000, Z61001, Z61002, Z61003"
비뇨 및 골반 기관의 손상,S37,I142,"Hip and Femur Procedures, Unilateral",08,S,"I14210, I14211, I14220, I14221"
비뇨 및 골반 기관의 손상,S37,I682,Non-Surgical Neck and Back Conditions I68213 W Catastrophic CC,08,,"I68210, I68211, I68212, I68213, I68220, I68221, I68222, I68223"
비뇨 및 골반 기관의 손상,S37,I750,"Injuries to Shoulder, Arm, Elbow, Knee, I75010 중증도 구분 없음",08,,"I75010, I75020, I75021, I75022, I75023"
비뇨 및 골반 기관의 손상,S37,L680,Other Kidney and Urinary Tract Diseases L68003 W Catastrophic CC,11,,"L68000, L68001, L68002, L68003"
비뇨 및 골반 기관의 손상,S37,M630,Other Male Reproductive System Diseases M63000 중증도 구분 없음,12,,M63000
비뇨 및 골반 기관의 손상,S37,N620,Menstrual and Other Female Reproductive N62003 W Catastrophic CC,13,,"N62000, N62001, N62002, N62003"
비뇨 및 골반 기관의 손상,S37,P651,"Neonate, Admission Weight 1500-1999g P65100 중증도 구분 없음",15,,P65100
비뇨 및 골반 기관의 손상,S37,P652,"Neonate, Admission Weight 1500-1999g P65200 중증도 구분 없음",18-2,,P65200
비뇨 및 골반 기관의 손상,S37,P661,"Neonate, Admission Weight 2000-2499g P66100 중증도 구분 없음",15,,P66100
비뇨 및 골반 기관의 손상,S37,P662,"Neonate, Admission Weight 2000-2499g P66200 중증도 구분 없음",18-2,,P66200
비뇨 및 골반 기관의 손상,S37,P672,"Neonate, Admission Weight>2499g without P67200 중증도 구분 없음",15,,P67200
비뇨 및 골반 기관의 손상,S37,W050,Abdominal Embolization For Multiple Significant Trauma,21-1,S,W05000
비뇨 및 골반 기관의 손상,S37,W600,"Multiple Trauma, Transferred to Another W60000 중증도 구분 없음",21-1,,W60000
비뇨 및 골반 기관의 손상,S37,W610,Multiple Trauma without Procedures W61002 W Catastrophic CC,21-1,,"W61000, W61001, W61002"
비뇨 및 골반 기관의 손상,S37,X600,"Injuries, Age ≤18 X60011 W Catastrophic or Severe or Moderate",21-2,,"X60010, X60011, X60020, X60021, X60030, X60031, X60032"
"기타 내부 인공삽입장치, 삽입물 및 이식편의 합병증",T85,B814,Other Nervous System Disorders B81402 W Catastrophic CC,01,,"B81400, B81401, B81402"
"기타 내부 인공삽입장치, 삽입물 및 이식편의 합병증",T85,C620,Hyphema and Medically Managed Trauma C62001 W Catastrophic or Severe CC,12,,"C62000, C62001"
"기타 내부 인공삽입장치, 삽입물 및 이식편의 합병증",T85,G689,Other Digestive system Diseases G68902 W Catastrophic CC,06,,"G68900, G68901, G68902"
"기타 내부 인공삽입장치, 삽입물 및 이식편의 합병증",T85,I730,"Aftercare of Musculoskeletal Disorders, I73010 중증도 구분 없음",08,,"I73010, I73020, I73021"
"기타 내부 인공삽입장치, 삽입물 및 이식편의 합병증",T85,J063,Mastectomy except Malignancy,09,S,J06300
"기타 내부 인공삽입장치, 삽입물 및 이식편의 합병증",T85,P641,"Neonate, Admission Weight 1250-1499g P64100 중증도 구분 없음",15,,P64100
"기타 내부 인공삽입장치, 삽입물 및 이식편의 합병증",T85,P651,"Neonate, Admission Weight 1500-1999g P65100 중증도 구분 없음",15,,P65100
"기타 내부 인공삽입장치, 삽입물 및 이식편의 합병증",T85,P662,"Neonate, Admission Weight 2000-2499g P66200 중증도 구분 없음",18-2,,P66200
"기타 내부 인공삽입장치, 삽입물 및 이식편의 합병증",T85,P671,"Neonate, Admission Weight>2499g without P67100 중증도 구분 없음",06,,P67100
"기타 내부 인공삽입장치, 삽입물 및 이식편의 합병증",T85,P672,"Neonate, Admission Weight>2499g without P67200 중증도 구분 없음",15,,P67200
만성 바이러스간염,B18,H671,Other Hepatitis with Complications H67101 W Catastrophic CC,07,,"H67100, H67101"
만성 바이러스간염,B18,H672,Other Hepatitis without Complications H67200 중증도 구분 없음,15,,H67200
만성 바이러스간염,B18,P652,"Neonate, Admission Weight 1500-1999g P65200 중증도 구분 없음",18-2,,P65200
"비뇨생식기 인공삽입장치, 삽입물 및 이식편의 합병증",T83,L641,Kidney and Upper Urinary Tract Infections L64112 W Catastrophic CC,11,,"L64110, L64111, L64112, L64120, L64121, L64130"
"비뇨생식기 인공삽입장치, 삽입물 및 이식편의 합병증",T83,L680,Other Kidney and Urinary Tract Diseases L68003 W Catastrophic CC,11,,"L68000, L68001, L68002, L68003"
"비뇨생식기 인공삽입장치, 삽입물 및 이식편의 합병증",T83,M630,Other Male Reproductive System Diseases M63000 중증도 구분 없음,12,,M63000
"비뇨생식기 인공삽입장치, 삽입물 및 이식편의 합병증",T83,N620,Menstrual and Other Female Reproductive N62003 W Catastrophic CC,13,,"N62000, N62001, N62002, N62003"
"비뇨생식기 인공삽입장치, 삽입물 및 이식편의 합병증",T83,P641,"Neonate, Admission Weight 1250-1499g P64100 중증도 구분 없음",15,,P64100
"비뇨생식기 인공삽입장치, 삽입물 및 이식편의 합병증",T83,P651,"Neonate, Admission Weight 1500-1999g P65100 중증도 구분 없음",15,,P65100
"비뇨생식기 인공삽입장치, 삽입물 및 이식편의 합병증",T83,P652,"Neonate, Admission Weight 1500-1999g P65200 중증도 구분 없음",18-2,,P65200
"비뇨생식기 인공삽입장치, 삽입물 및 이식편의 합병증",T83,P661,"Neonate, Admission Weight 2000-2499g P66100 중증도 구분 없음",15,,P66100
"비뇨생식기 인공삽입장치, 삽입물 및 이식편의 합병증",T83,P662,"Neonate, Admission Weight 2000-2499g P66200 중증도 구분 없음",18-2,,P66200
"비뇨생식기 인공삽입장치, 삽입물 및 이식편의 합병증",T83,P671,"Neonate, Admission Weight>2499g without P67100 중증도 구분 없음",06,,P67100
"비뇨생식기 인공삽입장치, 삽입물 및 이식편의 합병증",T83,P672,"Neonate, Admission Weight>2499g without P67200 중증도 구분 없음",15,,P67200
유방의 상세불명의 덩이,N63,KDRG 미등록,,,,
기타 이상 자궁 및 질 출혈,N93,N620,Menstrual and Other Female Reproductive N62003 W Catastrophic CC,13,,"N62000, N62001, N62002, N62003"
재활처치를 포함한 치료를 위하여 보건서비스와 접하고 있는 사람,Z50,Z600,"Rehabilitation, Age ≤18 Z60010 중증도 구분 없음",23,,"Z60010, Z60020, Z60021, Z60022, Z60023"
재활처치를 포함한 치료를 위하여 보건서비스와 접하고 있는 사람,Z50,Z640,Other Factors Influencing Health Status Z64002 W Catastrophic CC,23,,"Z64000, Z64001, Z64002"
달리 분류되지 않은 쇼크,R57,A093,"Tracheostomy for Face, Mouth and Neck Disorders without Ventilator",Pre,S,
달리 분류되지 않은 쇼크,R57,D774,Other Mouth Diseases except Extractions D77400 중증도 구분 없음,03,,D77400
달리 분류되지 않은 쇼크,R57,F630,Heart Failure and Shock F63003 W Catastrophic CC,19,,"F63000, F63001, F63002, F63003"
달리 분류되지 않은 쇼크,R57,Q610,"Red Blood Cell Diseases, Age ≤18 Q61011 W Catastrophic or Severe or Moderate",16,,"Q61010, Q61011, Q61020, Q61021, Q61022, Q61023"
달리 분류되지 않은 쇼크,R57,S640,Other HIV S64001 W Catastrophic CC,18-1,,"S64000, S64001"
달리 분류되지 않은 쇼크,R57,T011,OR Procedures for Sepsis with Complication,18-2,S,T01100
구강 및 소화기관의 행동양식 불명 또는 미상의 신생물,D37,A091,"Tracheostomy for Face, Mouth and Neck Disorders with Long-Term Ventilator",Pre,S,
구강 및 소화기관의 행동양식 불명 또는 미상의 신생물,D37,D603,"Ear, Nose, Mouth and Throat Malignancy D60303 W Catastrophic CC",03,,"D60300, D60301, D60302, D60303"
구강 및 소화기관의 행동양식 불명 또는 미상의 신생물,D37,G041,"Rectal Resection, Transanal or Transsacral Approach for Malignancy",06,S,"G04100, G04101"
구강 및 소화기관의 행동양식 불명 또는 미상의 신생물,D37,G503,Gastroscopy for Major Digestive Diseases,06,S,"G50300, G50301, G50302, G50303"
구강 및 소화기관의 행동양식 불명 또는 미상의 신생물,D37,G533,Sigmoidoscopy for Major Digestive Diseases,06,S,"G53300, G53301, G53302, G53303"
구강 및 소화기관의 행동양식 불명 또는 미상의 신생물,D37,G602,Digestive Malignancy with Chemotherapy G60203 W Catastrophic CC,06,,"G60200, G60201, G60202, G60203"
구강 및 소화기관의 행동양식 불명 또는 미상의 신생물,D37,G603,Digestive Malignancy without Radiation G60303 W Catastrophic CC,15,,"G60300, G60301, G60302, G60303"
구강 및 소화기관의 행동양식 불명 또는 미상의 신생물,D37,H131,Hepatobiliary Diagnostic Procedures for Malignancy,07,S,H13100
구강 및 소화기관의 행동양식 불명 또는 미상의 신생물,D37,H623,Malignancy of Liver without Radiation H62303 W Catastrophic CC,06,,"H62300, H62301, H62302, H62303"
구강 및 소화기관의 행동양식 불명 또는 미상의 신생물,D37,N601,Malignant Neoplasms of Female N60102 W Catastrophic or Severe CC,15,,"N60100, N60101, N60102"
구강 및 소화기관의 행동양식 불명 또는 미상의 신생물,D37,P641,"Neonate, Admission Weight 1250-1499g P64100 중증도 구분 없음",15,,P64100
구강 및 소화기관의 행동양식 불명 또는 미상의 신생물,D37,P661,"Neonate, Admission Weight 2000-2499g P66100 중증도 구분 없음",15,,P66100
구강 및 소화기관의 행동양식 불명 또는 미상의 신생물,D37,P662,"Neonate, Admission Weight 2000-2499g P66200 중증도 구분 없음",18-2,,P66200
구강 및 소화기관의 행동양식 불명 또는 미상의 신생물,D37,P671,"Neonate, Admission Weight>2499g without P67100 중증도 구분 없음",06,,P67100
기타 마비증후군,G83,B011,Complex Cerebral Aneurysm Procedures with Stroke,01,S,"B01100, B01101"
기타 마비증후군,G83,B012,Simple Cerebral Aneurysm Procedures with Stroke,01,S,B01200
기타 마비증후군,G83,B021,Intracranial Vascular Procedures with Stroke,01,S,"B02100, B02101, B02102"
기타 마비증후군,G83,B152,Excision of Intraspinal Lesion with Myelopathy,01,S,"B15200, B15201"
기타 마비증후군,G83,B814,Other Nervous System Disorders B81402 W Catastrophic CC,01,,"B81400, B81401, B81402"
기타 마비증후군,G83,I062,Excision of Intraspinal Lesion with Myelopathy,08,S,"I06200, I06201"
기타 마비증후군,G83,I085,Other Spinal Procedures with Myelopathy,08,S,"I08500, I08501"
기타 마비증후군,G83,L680,Other Kidney and Urinary Tract Diseases L68003 W Catastrophic CC,11,,"L68000, L68001, L68002, L68003"
기타 마비증후군,G83,P661,"Neonate, Admission Weight 2000-2499g P66100 중증도 구분 없음",15,,P66100
기타 마비증후군,G83,P662,"Neonate, Admission Weight 2000-2499g P66200 중증도 구분 없음",18-2,,P66200
"팔꿈치의 관절 및 인대의 탈구, 염좌 및 긴장",S53,I200,Elbow and Forearm Procedures,08,S,"I20000, I20001, I20002"
"팔꿈치의 관절 및 인대의 탈구, 염좌 및 긴장",S53,I286,Surgery of Forearm Fracture,08,S,"I28600, I28601, I28602, I28603"
"팔꿈치의 관절 및 인대의 탈구, 염좌 및 긴장",S53,I740,"Injuries to Forearm, Wrist, Hand and Foot, I74010 중증도 구분 없음",05,,"I74010, I74020, I74021"
"팔꿈치의 관절 및 인대의 탈구, 염좌 및 긴장",S53,P652,"Neonate, Admission Weight 1500-1999g P65200 중증도 구분 없음",18-2,,P65200
"팔꿈치의 관절 및 인대의 탈구, 염좌 및 긴장",S53,P662,"Neonate, Admission Weight 2000-2499g P66200 중증도 구분 없음",18-2,,P66200
"팔꿈치의 관절 및 인대의 탈구, 염좌 및 긴장",S53,P672,"Neonate, Admission Weight>2499g without P67200 중증도 구분 없음",15,,P67200
"팔꿈치의 관절 및 인대의 탈구, 염좌 및 긴장",S53,W610,Multiple Trauma without Procedures W61002 W Catastrophic CC,21-1,,"W61000, W61001, W61002"
폐부종,J81,KDRG 미등록,,,,
연골의 기타 장애,M94,E773,Other Respiratory System Diseases E77303 W Catastrophic CC,04,,"E77300, E77301, E77302, E77303"
연골의 기타 장애,M94,I141,"Hip and Femur Procedures, Bilateral or Multiple",08,S,"I14100, I14101, I14102"
연골의 기타 장애,M94,I142,"Hip and Femur Procedures, Unilateral",08,S,"I14210, I14211, I14220, I14221"
연골의 기타 장애,M94,I187,Other Shoulder Procedures,08,S,"I18700, I18701"
연골의 기타 장애,M94,I194,Other Knee Joint Procedures,08,S,"I19400, I19401, I19402, I19403"
연골의 기타 장애,M94,I200,Elbow and Forearm Procedures,08,S,"I20000, I20001, I20002"
연골의 기타 장애,M94,I211,Foot and Ankle Tendon and Ligament Procedures,08,S,I21100
연골의 기타 장애,M94,I212,Ankle Osteochondral Lesion Procedures,08,S,"I21200, I21201"
연골의 기타 장애,M94,I213,Other Foot and Ankle Procedures,08,S,"I21300, I21301, I21302"
연골의 기타 장애,M94,I251,Major Wrist and Hand Procedures,08,S,"I25100, I25101, I25102"
연골의 기타 장애,M94,I252,Minor Wrist and Hand Procedures,08,S,"I25200, I25201, I25202, I25203"
연골의 기타 장애,M94,I667,"Other Connective Tissue Diseases, I66712 W Catastrophic CC",08,,"I66710, I66711, I66712, I66720, I66721, I66722"
연골의 기타 장애,M94,I696,,08,,"I69600, I69601, I69602"
연골의 기타 장애,M94,I760,"Other Musculoskeletal Diseases, Age ≤18 I76011 W Catastrophic or Severe CC",08,,"I76010, I76011, I76020, I76021, I76022"
질 및 외음부의 기타 염증,N76,N610,Female Reproductive System Infections N61003 W Catastrophic CC,13,,"N61000, N61001, N61002, N61003"
질 및 외음부의 기타 염증,N76,N620,Menstrual and Other Female Reproductive N62003 W Catastrophic CC,13,,"N62000, N62001, N62002, N62003"
질 및 외음부의 기타 염증,N76,P641,"Neonate, Admission Weight 1250-1499g P64100 중증도 구분 없음",15,,P64100
질 및 외음부의 기타 염증,N76,P651,"Neonate, Admission Weight 1500-1999g P65100 중증도 구분 없음",15,,P65100
질 및 외음부의 기타 염증,N76,P652,"Neonate, Admission Weight 1500-1999g P65200 중증도 구분 없음",18-2,,P65200
질 및 외음부의 기타 염증,N76,P661,"Neonate, Admission Weight 2000-2499g P66100 중증도 구분 없음",15,,P66100
질 및 외음부의 기타 염증,N76,P662,"Neonate, Admission Weight 2000-2499g P66200 중증도 구분 없음",18-2,,P66200
질 및 외음부의 기타 염증,N76,P671,"Neonate, Admission Weight>2499g without P67100 중증도 구분 없음",06,,P67100
질 및 외음부의 기타 염증,N76,P672,"Neonate, Admission Weight>2499g without P67200 중증도 구분 없음",15,,P67200
난관염 및 난소염,N70,N610,Female Reproductive System Infections N61003 W Catastrophic CC,13,,"N61000, N61001, N61002, N61003"
여성생식기관 및 월경주기와 관련된 통증 및 기타 병태,N94,N620,Menstrual and Other Female Reproductive N62003 W Catastrophic CC,13,,"N62000, N62001, N62002, N62003"
여성생식기관 및 월경주기와 관련된 통증 및 기타 병태,N94,O061,General Risk Vaginal Delivery After Cesarean Section,14,S,O06100
여성생식기관 및 월경주기와 관련된 통증 및 기타 병태,N94,O610,Abortion without D&C or Aspiration O61001 W Catastrophic or Severe CC,14,,"O61000, O61001"
여성생식기관 및 월경주기와 관련된 통증 및 기타 병태,N94,O641,,14,,"O64100, O64101"
여성생식기관 및 월경주기와 관련된 통증 및 기타 병태,N94,O642,Other Antepartum Diseases without Severe O64203 W Catastrophic CC,13,,"O64200, O64201, O64202, O64203"
피부의 기타 양성 신생물,D23,C630,"Other Diseases of the Eye, Age ≤18 C63011 W Catastrophic or Severe or Moderate",02,,"C63010, C63011, C63020, C63021, C63022, C63023"
피부의 기타 양성 신생물,D23,J700,Other Minor Skin Diseases J70003 W Catastrophic CC,09,,"J70000, J70001, J70002, J70003"
비뇨기관의 행동양식 불명 또는 미상의 신생물,D41,B633,Nervous System Neoplasm without B63311 W Catastrophic or Severe CC,15,,"B63310, B63311, B63320, B63321, B63322, B63323"
비뇨기관의 행동양식 불명 또는 미상의 신생물,D41,L631,Kidney and Urinary Tract Neoplasms with L63100 중증도 구분 없음,11,,L63100
비뇨기관의 행동양식 불명 또는 미상의 신생물,D41,P641,"Neonate, Admission Weight 1250-1499g P64100 중증도 구분 없음",15,,P64100
비뇨기관의 행동양식 불명 또는 미상의 신생물,D41,P651,"Neonate, Admission Weight 1500-1999g P65100 중증도 구분 없음",15,,P65100
비뇨기관의 행동양식 불명 또는 미상의 신생물,D41,P652,"Neonate, Admission Weight 1500-1999g P65200 중증도 구분 없음",18-2,,P65200
비뇨기관의 행동양식 불명 또는 미상의 신생물,D41,P662,"Neonate, Admission Weight 2000-2499g P66200 중증도 구분 없음",18-2,,P66200
비뇨기관의 행동양식 불명 또는 미상의 신생물,D41,P671,"Neonate, Admission Weight>2499g without P67100 중증도 구분 없음",06,,P67100
비뇨기관의 행동양식 불명 또는 미상의 신생물,D41,P672,"Neonate, Admission Weight>2499g without P67200 중증도 구분 없음",15,,P67200
호흡의 이상,R06,D691,Allergic Rhinitis D69102 W Catastrophic CC,03,,"D69100, D69101, D69102"
호흡의 이상,R06,D730,Other Nose Diseases D73000 중증도 구분 없음,03,,D73000
호흡의 이상,R06,E771,Respiratory Symptoms and Signs or E77103 W Catastrophic CC,04,,"E77100, E77101, E77102, E77103"
호흡의 이상,R06,E773,Other Respiratory System Diseases E77303 W Catastrophic CC,04,,"E77300, E77301, E77302, E77303"
호흡의 이상,R06,H692,Other Liver Diseases H69200 중증도 구분 없음,07,,H69200
호흡의 이상,R06,P641,"Neonate, Admission Weight 1250-1499g P64100 중증도 구분 없음",15,,P64100
호흡의 이상,R06,P652,"Neonate, Admission Weight 1500-1999g P65200 중증도 구분 없음",18-2,,P65200
호흡의 이상,R06,P661,"Neonate, Admission Weight 2000-2499g P66100 중증도 구분 없음",15,,P66100
호흡의 이상,R06,S640,Other HIV S64001 W Catastrophic CC,18-1,,"S64000, S64001"
기타 특정 관절병증,M08,I141,"Hip and Femur Procedures, Bilateral or Multiple",08,S,"I14100, I14101, I14102"
기타 특정 관절병증,M08,I142,"Hip and Femur Procedures, Unilateral",08,S,"I14210, I14211, I14220, I14221"
기타 특정 관절병증,M08,I187,Other Shoulder Procedures,08,S,"I18700, I18701"
기타 특정 관절병증,M08,I194,Other Knee Joint Procedures,08,S,"I19400, I19401, I19402, I19403"
기타 특정 관절병증,M08,I200,Elbow and Forearm Procedures,08,S,"I20000, I20001, I20002"
기타 특정 관절병증,M08,I211,Foot and Ankle Tendon and Ligament Procedures,08,S,I21100
기타 특정 관절병증,M08,I212,Ankle Osteochondral Lesion Procedures,08,S,"I21200, I21201"
기타 특정 관절병증,M08,I213,Other Foot and Ankle Procedures,08,S,"I21300, I21301, I21302"
기타 특정 관절병증,M08,I251,Major Wrist and Hand Procedures,08,S,"I25100, I25101, I25102"
기타 특정 관절병증,M08,I252,Minor Wrist and Hand Procedures,08,S,"I25200, I25201, I25202, I25203"
기타 특정 관절병증,M08,I693,Juvenile Arthritis I69301 W Catastrophic or Severe or Moderate,01,,"I69300, I69301"
복막의 기타 장애,K66,G682,Diseases of Peritoneum G68201 W Catastrophic CC,06,,"G68200, G68201"
복막의 기타 장애,K66,H603,Liver Cirrhosis without Complications H60302 W Catastrophic CC,15,,"H60300, H60301, H60302"
복막의 기타 장애,K66,H612,Alcohol-related Liver diseases without H61202 W Catastrophic CC,06,,"H61200, H61201, H61202"
복막의 기타 장애,K66,H671,Other Hepatitis with Complications H67101 W Catastrophic CC,07,,"H67100, H67101"
복막의 기타 장애,K66,P641,"Neonate, Admission Weight 1250-1499g P64100 중증도 구분 없음",15,,P64100
복막의 기타 장애,K66,P651,"Neonate, Admission Weight 1500-1999g P65100 중증도 구분 없음",15,,P65100
기타 대사장애,E88,F101,Transcatheter Closure of Atrial Septal Defect,05,S,F10100
기타 대사장애,E88,F102,Transcatheter Closure of Patent Ductus Arteriosus,05,S,F10200
기타 대사장애,E88,K630,"Other Metabolic Disorders, Age ≤18 K63010 중증도 구분 없음",10,,"K63010, K63020, K63021, K63022, K63023"
기타 대사장애,E88,K642,"Inborn Errors of Metabolism, Type Ⅱ K64202 W Catastrophic CC",10,,"K64200, K64201, K64202"
기타 대사장애,E88,K644,"Inborn Errors of Metabolism, Type Ⅳ K64402 W Catastrophic CC",10,,"K64400, K64401, K64402"
기타 대사장애,E88,P661,"Neonate, Admission Weight 2000-2499g P66100 중증도 구분 없음",15,,P66100
기타 대사장애,E88,P662,"Neonate, Admission Weight 2000-2499g P66200 중증도 구분 없음",18-2,,P66200
기타 대사장애,E88,P671,"Neonate, Admission Weight>2499g without P67100 중증도 구분 없음",06,,P67100
기타 대사장애,E88,P672,"Neonate, Admission Weight>2499g without P67200 중증도 구분 없음",15,,P67200
기타 대사장애,E88,V610,Alcohol/Drug Abuse and Dependence with V61002 W Catastrophic CC,20,,"V61000, V61001, V61002"
기타 대사장애,E88,V620,Alcohol/Drug Dependence with V62000 중증도 구분 없음,10,,V62000
기타 대사장애,E88,V630,Alcohol/Drug Dependence with V63000 중증도 구분 없음,15,,V63000
피부의 악성 흑색종,C43,A093,"Tracheostomy for Face, Mouth and Neck Disorders without Ventilator",Pre,S,
피부의 악성 흑색종,C43,C630,"Other Diseases of the Eye, Age ≤18 C63011 W Catastrophic or Severe or Moderate",02,,"C63010, C63011, C63020, C63021, C63022, C63023"
피부의 악성 흑색종,C43,J611,Malignant Skin Diseases with Radiation J61100 중증도 구분 없음 중증도,09,,J61100
피부의 악성 흑색종,C43,J612,Malignant Skin Diseases withChemotherapy J61203 W Catastrophic CC,09,,"J61200, J61201, J61202, J61203"
피부의 악성 흑색종,C43,J613,Malignant Skin Diseases withoutRadiation J61302 W Catastrophic CC,09,,"J61300, J61301, J61302"
피부의 악성 흑색종,C43,P641,"Neonate, Admission Weight 1250-1499g P64100 중증도 구분 없음",15,,P64100
피부의 악성 흑색종,C43,P652,"Neonate, Admission Weight 1500-1999g P65200 중증도 구분 없음",18-2,,P65200
피부의 악성 흑색종,C43,P662,"Neonate, Admission Weight 2000-2499g P66200 중증도 구분 없음",18-2,,P66200
피부의 악성 흑색종,C43,P671,"Neonate, Admission Weight>2499g without P67100 중증도 구분 없음",06,,P67100
장의 기타 선천기형,Q43,G503,Gastroscopy for Major Digestive Diseases,06,S,"G50300, G50301, G50302, G50303"
장의 기타 선천기형,Q43,G687,Congenital Digestive system Diseases G68701 W Catastrophic or Severe or Moderate,06,,"G68700, G68701"
장의 기타 선천기형,Q43,P641,"Neonate, Admission Weight 1250-1499g P64100 중증도 구분 없음",15,,P64100
장의 기타 선천기형,Q43,P652,"Neonate, Admission Weight 1500-1999g P65200 중증도 구분 없음",18-2,,P65200
장의 기타 선천기형,Q43,P662,"Neonate, Admission Weight 2000-2499g P66200 중증도 구분 없음",18-2,,P66200
장의 기타 선천기형,Q43,P663,"Neonate, Admission Weight 2000-2499g P66300 중증도 구분 없음",14,,P66300
장의 기타 선천기형,Q43,P673,"Neonate, Admission Weight>2499g without P67300 중증도 구분 없음",14,,P67300
정맥염 및 혈전정맥염,I80,F091,Percutaneous Procedures of Deep Vein Thrombosis,05,S,F09100
정맥염 및 혈전정맥염,I80,F640,Thrombophlebitis F64002 W Catastrophic CC,19,,"F64000, F64001, F64002"
정맥염 및 혈전정맥염,I80,F692,Other Vascular Diseases F69203 W Catastrophic CC,05,,"F69200, F69201, F69202, F69203"
정맥염 및 혈전정맥염,I80,G523,Colonoscopy for Major Digestive Diseases,06,S,"G52300, G52301, G52302, G52303"
정맥염 및 혈전정맥염,I80,G611,Variceal Bleeding G61101 W Catastrophic or Severe CC,07,,"G61100, G61101"
정맥염 및 혈전정맥염,I80,P651,"Neonate, Admission Weight 1500-1999g P65100 중증도 구분 없음",15,,P65100
정맥염 및 혈전정맥염,I80,P652,"Neonate, Admission Weight 1500-1999g P65200 중증도 구분 없음",18-2,,P65200
정맥염 및 혈전정맥염,I80,P661,"Neonate, Admission Weight 2000-2499g P66100 중증도 구분 없음",15,,P66100
정맥염 및 혈전정맥염,I80,P672,"Neonate, Admission Weight>2499g without P67200 중증도 구분 없음",15,,P67200
백혈구의 기타 장애,D72,P651,"Neonate, Admission Weight 1500-1999g P65100 중증도 구분 없음",15,,P65100
백혈구의 기타 장애,D72,P652,"Neonate, Admission Weight 1500-1999g P65200 중증도 구분 없음",18-2,,P65200
백혈구의 기타 장애,D72,P661,"Neonate, Admission Weight 2000-2499g P66100 중증도 구분 없음",15,,P66100
백혈구의 기타 장애,D72,P662,"Neonate, Admission Weight 2000-2499g P66200 중증도 구분 없음",18-2,,P66200
백혈구의 기타 장애,D72,Q600,"Leukocytes and Blood-Forming Organs, Q60013 W Catastrophic CC",16,,"Q60010, Q60011, Q60012, Q60013, Q60020, Q60021, Q60022, Q60023"
수막의 양성 신생물,D32,B091,CNS Stereotactic Procedures in Brain Tumor and Other Creation of Lesion,01,S,"B09100, B09101"
수막의 양성 신생물,D32,B631,Nervous System Neoplasm with Radiation B63110 중증도 구분 없음,08,,"B63110, B63120, B63121"
수막의 양성 신생물,D32,P661,"Neonate, Admission Weight 2000-2499g P66100 중증도 구분 없음",15,,P66100
수막의 양성 신생물,D32,P662,"Neonate, Admission Weight 2000-2499g P66200 중증도 구분 없음",18-2,,P66200
수막의 양성 신생물,D32,P671,"Neonate, Admission Weight>2499g without P67100 중증도 구분 없음",06,,P67100
바이러스수막염,A87,B740,Viral Meningitis B74001 W Catastrophic CC,01,,"B74000, B74001"
바이러스수막염,A87,P651,"Neonate, Admission Weight 1500-1999g P65100 중증도 구분 없음",15,,P65100
바이러스수막염,A87,P662,"Neonate, Admission Weight 2000-2499g P66200 중증도 구분 없음",18-2,,P66200
바이러스수막염,A87,P672,"Neonate, Admission Weight>2499g without P67200 중증도 구분 없음",15,,P67200
바이러스수막염,A87,T015,OR Procedures for Other Infectious Diseases,18-2,S,"T01500, T01501"
바이러스수막염,A87,T634,"Other Viral Diseases, Age ≤18 T63410 중증도 구분 없음",18-2,,"T63410, T63420, T63421, T63422"
자연유산,O03,O042,High Risk Vaginal Delivery(Primiparity),14,S,"O04200, O04201"
자연유산,O03,O052,High Risk Vaginal Delivery(Multiparity),14,S,"O05200, O05201"
자연유산,O03,O062,High Risk Vaginal Delivery After Cesarean Section,14,S,O06200
자연유산,O03,O081,Laparoscopic Major Procedures for Ectopic Pregnancy,14,S,"O08100, O08101"
자연유산,O03,O082,Open Major Procedures for Ectopic Pregnancy,14,S,O08200
자연유산,O03,O110,Disorders Related to Postpartum and Post Abortion with OR Procedures,14,S,"O11000, O11001"
자연유산,O03,O601,Severe Disorders Related To Postpartum O60102 W Catastrophic CC,01,,"O60100, O60101, O60102"
자연유산,O03,O602,Other Disorders Related To Postpartum O60201 W Catastrophic CC,19,,"O60200, O60201"
자연유산,O03,O610,Abortion without D&C or Aspiration O61001 W Catastrophic or Severe CC,14,,"O61000, O61001"
근육의 석회화 및 골화,M61,I141,"Hip and Femur Procedures, Bilateral or Multiple",08,S,"I14100, I14101, I14102"
근육의 석회화 및 골화,M61,I142,"Hip and Femur Procedures, Unilateral",08,S,"I14210, I14211, I14220, I14221"
근육의 석회화 및 골화,M61,I160,"Humerus, Tibia, and Fibula Procedures",08,S,"I16010, I16020, I16021, I16022"
근육의 석회화 및 골화,M61,I187,Other Shoulder Procedures,08,S,"I18700, I18701"
근육의 석회화 및 골화,M61,I200,Elbow and Forearm Procedures,08,S,"I20000, I20001, I20002"
근육의 석회화 및 골화,M61,I211,Foot and Ankle Tendon and Ligament Procedures,08,S,I21100
근육의 석회화 및 골화,M61,I213,Other Foot and Ankle Procedures,08,S,"I21300, I21301, I21302"
근육의 석회화 및 골화,M61,I251,Major Wrist and Hand Procedures,08,S,"I25100, I25101, I25102"
근육의 석회화 및 골화,M61,I252,Minor Wrist and Hand Procedures,08,S,"I25200, I25201, I25202, I25203"
근육의 석회화 및 골화,M61,I722,"Noninfectious Tendinitis, Myositis and I72211 W Catastrophic or Severe or Moderate",08,,"I72210, I72211, I72220, I72221, I72222, I72223"
상세불명의 성매개질환,A64,KDRG 미등록,,,,
달리 분류되지 않은 기타 주로 성행위로 전파되는 질환,A63,J700,Other Minor Skin Diseases J70003 W Catastrophic CC,09,,"J70000, J70001, J70002, J70003"
달리 분류되지 않은 기타 주로 성행위로 전파되는 질환,A63,M620,Inflammation of the Male Reproductive M62003 W Catastrophic CC,12,,"M62000, M62001, M62002, M62003"
달리 분류되지 않은 기타 주로 성행위로 전파되는 질환,A63,T644,Other Infectious and Parasitic Diseases T64403 W Catastrophic CC,06,,"T64400, T64401, T64402, T64403"
후천성 용혈성 빈혈,D59,L621,Non-Infectious Kidney Diseases with L62112 W Catastrophic CC,11,,"L62110, L62111, L62112, L62120, L62121"
후천성 용혈성 빈혈,D59,P651,"Neonate, Admission Weight 1500-1999g P65100 중증도 구분 없음",15,,P65100
후천성 용혈성 빈혈,D59,P652,"Neonate, Admission Weight 1500-1999g P65200 중증도 구분 없음",18-2,,P65200
후천성 용혈성 빈혈,D59,P661,"Neonate, Admission Weight 2000-2499g P66100 중증도 구분 없음",15,,P66100
후천성 용혈성 빈혈,D59,P662,"Neonate, Admission Weight 2000-2499g P66200 중증도 구분 없음",18-2,,P66200
후천성 용혈성 빈혈,D59,P671,"Neonate, Admission Weight>2499g without P67100 중증도 구분 없음",06,,P67100
후천성 용혈성 빈혈,D59,P672,"Neonate, Admission Weight>2499g without P67200 중증도 구분 없음",15,,P67200
후천성 용혈성 빈혈,D59,Q600,"Leukocytes and Blood-Forming Organs, Q60013 W Catastrophic CC",16,,"Q60010, Q60011, Q60012, Q60013, Q60020, Q60021, Q60022, Q60023"
후천성 용혈성 빈혈,D59,Q610,"Red Blood Cell Diseases, Age ≤18 Q61011 W Catastrophic or Severe or Moderate",16,,"Q61010, Q61011, Q61020, Q61021, Q61022, Q61023"
후천성 용혈성 빈혈,D59,S640,Other HIV S64001 W Catastrophic CC,18-1,,"S64000, S64001"
혈관운동성 및 알레르기성 비염,J30,A092,"Tracheostomy for Face, Mouth and Neck Disorders with Short-Term Ventilator",Pre,S,
혈관운동성 및 알레르기성 비염,J30,A093,"Tracheostomy for Face, Mouth and Neck Disorders without Ventilator",Pre,S,
혈관운동성 및 알레르기성 비염,J30,D691,Allergic Rhinitis D69102 W Catastrophic CC,03,,"D69100, D69101, D69102"
혈관운동성 및 알레르기성 비염,J30,D692,Non-Allergic Rhinitis D69201 W Catastrophic or Severe CC,03,,"D69200, D69201"
혈관운동성 및 알레르기성 비염,J30,D790,Pharyngitis and Tonsillitis D79003 W Catastrophic CC,03,,"D79000, D79001, D79002, D79003"
혈관운동성 및 알레르기성 비염,J30,D810,Other Neck Diseases D81001 W Catastrophic or Severe CC,03,,"D81000, D81001"
혈관운동성 및 알레르기성 비염,J30,P641,"Neonate, Admission Weight 1250-1499g P64100 중증도 구분 없음",15,,P64100
혈관운동성 및 알레르기성 비염,J30,P651,"Neonate, Admission Weight 1500-1999g P65100 중증도 구분 없음",15,,P65100
혈관운동성 및 알레르기성 비염,J30,P652,"Neonate, Admission Weight 1500-1999g P65200 중증도 구분 없음",18-2,,P65200
혈관운동성 및 알레르기성 비염,J30,P661,"Neonate, Admission Weight 2000-2499g P66100 중증도 구분 없음",15,,P66100
달리 분류되지 않은 사춘기의 장애,E30,E530,Pleural Effusion Drainage,04,S,"E53000, E53001, E53002"
달리 분류되지 않은 사춘기의 장애,E30,K620,Severe Nutritional Disturbance K62002 W Catastrophic CC,10,,"K62000, K62001, K62002"
달리 분류되지 않은 사춘기의 장애,E30,K630,"Other Metabolic Disorders, Age ≤18 K63010 중증도 구분 없음",10,,"K63010, K63020, K63021, K63022, K63023"
달리 분류되지 않은 사춘기의 장애,E30,K682,Gonad Disorders K68200 중증도 구분 없음,10,,K68200
달리 분류되지 않은 사춘기의 장애,E30,P672,"Neonate, Admission Weight>2499g without P67200 중증도 구분 없음",15,,P67200
달리 분류되지 않은 사춘기의 장애,E30,S640,Other HIV S64001 W Catastrophic CC,18-1,,"S64000, S64001"
유방의 염증성 장애,N61,KDRG 미등록,,,,
악성 면역증식성 질환,C88,P641,"Neonate, Admission Weight 1250-1499g P64100 중증도 구분 없음",15,,P64100
악성 면역증식성 질환,C88,P652,"Neonate, Admission Weight 1500-1999g P65200 중증도 구분 없음",18-2,,P65200
악성 면역증식성 질환,C88,P661,"Neonate, Admission Weight 2000-2499g P66100 중증도 구분 없음",15,,P66100
악성 면역증식성 질환,C88,P662,"Neonate, Admission Weight 2000-2499g P66200 중증도 구분 없음",18-2,,P66200
악성 면역증식성 질환,C88,P671,"Neonate, Admission Weight>2499g without P67100 중증도 구분 없음",06,,P67100
악성 면역증식성 질환,C88,R602,Acute Leukemia without Chemoport R60213 W Catastrophic CC,18-1,,"R60210, R60211, R60212, R60213, R60220, R60221, R60222, R60223"
악성 면역증식성 질환,C88,R611,Non-Acute Leukemia R61103 W Catastrophic CC,07,,"R61100, R61101, R61102, R61103"
악성 면역증식성 질환,C88,R612,Lymphoma R61203 W Catastrophic CC,10,,"R61200, R61201, R61202, R61203"
기타 파상풍,A35,KDRG 미등록,,,,
달리 분류된 만성 질환에서의 빈혈,D63,P651,"Neonate, Admission Weight 1500-1999g P65100 중증도 구분 없음",15,,P65100
달리 분류된 만성 질환에서의 빈혈,D63,Q610,"Red Blood Cell Diseases, Age ≤18 Q61011 W Catastrophic or Severe or Moderate",16,,"Q61010, Q61011, Q61020, Q61021, Q61022, Q61023"
통풍,M10,I141,"Hip and Femur Procedures, Bilateral or Multiple",08,S,"I14100, I14101, I14102"
통풍,M10,I142,"Hip and Femur Procedures, Unilateral",08,S,"I14210, I14211, I14220, I14221"
통풍,M10,I187,Other Shoulder Procedures,08,S,"I18700, I18701"
통풍,M10,I194,Other Knee Joint Procedures,08,S,"I19400, I19401, I19402, I19403"
통풍,M10,I200,Elbow and Forearm Procedures,08,S,"I20000, I20001, I20002"
통풍,M10,I211,Foot and Ankle Tendon and Ligament Procedures,08,S,I21100
통풍,M10,I212,Ankle Osteochondral Lesion Procedures,08,S,"I21200, I21201"
통풍,M10,I213,Other Foot and Ankle Procedures,08,S,"I21300, I21301, I21302"
통풍,M10,I251,Major Wrist and Hand Procedures,08,S,"I25100, I25101, I25102"
통풍,M10,I252,Minor Wrist and Hand Procedures,08,S,"I25200, I25201, I25202, I25203"
통풍,M10,I695,Gout and Specific Arthropathies I69503 W Catastrophic CC,08,,"I69500, I69501, I69502, I69503"
통풍,M10,L680,Other Kidney and Urinary Tract Diseases L68003 W Catastrophic CC,11,,"L68000, L68001, L68002, L68003"
통풍,M10,P641,"Neonate, Admission Weight 1250-1499g P64100 중증도 구분 없음",15,,P64100
통풍,M10,P651,"Neonate, Admission Weight 1500-1999g P65100 중증도 구분 없음",15,,P65100
통풍,M10,P652,"Neonate, Admission Weight 1500-1999g P65200 중증도 구분 없음",18-2,,P65200
통풍,M10,P661,"Neonate, Admission Weight 2000-2499g P66100 중증도 구분 없음",15,,P66100
통풍,M10,P662,"Neonate, Admission Weight 2000-2499g P66200 중증도 구분 없음",18-2,,P66200
통풍,M10,P671,"Neonate, Admission Weight>2499g without P67100 중증도 구분 없음",06,,P67100
통풍,M10,X620,"Poisoning, Toxic Effects of Drugs and X62011 W Catastrophic or Severe CC",21-2,,"X62010, X62011, X62020, X62021, X62022, X62023"
통풍,M10,X640,"Other Injuries, Poisoning and Toxic Effect X64001 W Catastrophic CC",21-2,,"X64000, X64001"
기능성 소화불량,K30,KDRG 미등록,,,,
티눈 및 굳은살,L84,KDRG 미등록,,,,
욕창궤양 및 압박부위,L89,J021,Flap for Skin Ulcer or Cellulitis,09,S,"J02100, J02101"
욕창궤양 및 압박부위,L89,J022,Skin Graft for Skin Ulcer or Cellulitis,09,S,"J02200, J02201"
골수성 백혈병,C92,P641,"Neonate, Admission Weight 1250-1499g P64100 중증도 구분 없음",15,,P64100
골수성 백혈병,C92,P651,"Neonate, Admission Weight 1500-1999g P65100 중증도 구분 없음",15,,P65100
골수성 백혈병,C92,P652,"Neonate, Admission Weight 1500-1999g P65200 중증도 구분 없음",18-2,,P65200
골수성 백혈병,C92,P661,"Neonate, Admission Weight 2000-2499g P66100 중증도 구분 없음",15,,P66100
골수성 백혈병,C92,P662,"Neonate, Admission Weight 2000-2499g P66200 중증도 구분 없음",18-2,,P66200
골수성 백혈병,C92,P671,"Neonate, Admission Weight>2499g without P67100 중증도 구분 없음",06,,P67100
골수성 백혈병,C92,P672,"Neonate, Admission Weight>2499g without P67200 중증도 구분 없음",15,,P67200
골수성 백혈병,C92,R010,Lymphoma and Leukemia with Major OR Procedures,17,S,"R01000, R01001"
골수성 백혈병,C92,R030,Lymphoma and Leukemia with Other OR Procedures,17,S,"R03000, R03001, R03002"
골수성 백혈병,C92,R601,"Acute Leukemia with Chemoport Insertion, R60112 W Catastrophic CC",17,,"R60110, R60111, R60112, R60120, R60121, R60122"
골수성 백혈병,C92,R602,Acute Leukemia without Chemoport R60213 W Catastrophic CC,18-1,,"R60210, R60211, R60212, R60213, R60220, R60221, R60222, R60223"
수막의 행동양식 불명 또는 미상의 신생물,D42,B091,CNS Stereotactic Procedures in Brain Tumor and Other Creation of Lesion,01,S,"B09100, B09101"
비뇨생식관의 이물,T19,L680,Other Kidney and Urinary Tract Diseases L68003 W Catastrophic CC,11,,"L68000, L68001, L68002, L68003"
비뇨생식관의 이물,T19,N620,Menstrual and Other Female Reproductive N62003 W Catastrophic CC,13,,"N62000, N62001, N62002, N62003"
비뇨생식관의 이물,T19,P661,"Neonate, Admission Weight 2000-2499g P66100 중증도 구분 없음",15,,P66100
비뇨생식관의 이물,T19,P662,"Neonate, Admission Weight 2000-2499g P66200 중증도 구분 없음",18-2,,P66200
비뇨생식관의 이물,T19,P671,"Neonate, Admission Weight>2499g without P67100 중증도 구분 없음",06,,P67100
비뇨생식관의 이물,T19,P672,"Neonate, Admission Weight>2499g without P67200 중증도 구분 없음",15,,P67200
비뇨생식관의 이물,T19,Y020,Moderate Burns with Skin Gragft or Inhalation Injury,22,S,"Y02000, Y02001, Y02002"
비뇨생식관의 이물,T19,Y610,Moderate Burn without Skin Graft or Y61010 중증도 구분 없음,11,,"Y61010, Y61020, Y61021, Y61022"
기타 결합조직 및 연조직의 악성 신생물,C49,I141,"Hip and Femur Procedures, Bilateral or Multiple",08,S,"I14100, I14101, I14102"
기타 결합조직 및 연조직의 악성 신생물,C49,I187,Other Shoulder Procedures,08,S,"I18700, I18701"
기타 결합조직 및 연조직의 악성 신생물,C49,I651,"Connective Tissue Malignancy, Including I65102 W Catastrophic CC",08,,"I65100, I65101, I65102"
기타 결합조직 및 연조직의 악성 신생물,C49,I652,"Connective Tissue Malignancy, Including I65210 중증도 구분 없음",08,,"I65210, I65220, I65221, I65222"
기타 결합조직 및 연조직의 악성 신생물,C49,I653,"Connective Tissue Malignancy, Including I65311 W Catastrophic or Severe or Moderate CC",08,,"I65310, I65311, I65320, I65321, I65322, I65323"
기타 결합조직 및 연조직의 악성 신생물,C49,J502,Needle Biopsy for Breast Diseases except Malignancy,09,S,J50200
기타 결합조직 및 연조직의 악성 신생물,C49,J631,Malignant Breast Diseases with Radiation J63103 W Catastrophic CC,08,,"J63100, J63101, J63102, J63103"
기타 결합조직 및 연조직의 악성 신생물,C49,P641,"Neonate, Admission Weight 1250-1499g P64100 중증도 구분 없음",15,,P64100
기타 결합조직 및 연조직의 악성 신생물,C49,P671,"Neonate, Admission Weight>2499g without P67100 중증도 구분 없음",06,,P67100
기타 결합조직 및 연조직의 악성 신생물,C49,P672,"Neonate, Admission Weight>2499g without P67200 중증도 구분 없음",15,,P67200
자궁경부를 제외한 자궁의 염증성 질환,N71,N610,Female Reproductive System Infections N61003 W Catastrophic CC,13,,"N61000, N61001, N61002, N61003"
중추신경계통의 기타 탈수초질환,G37,B012,Simple Cerebral Aneurysm Procedures with Stroke,01,S,B01200
중추신경계통의 기타 탈수초질환,G37,B018,Combined Procedures in Embolization of Cerebral Aneurysm with Stroke,01,S,"B01800, B01801"
중추신경계통의 기타 탈수초질환,G37,B021,Intracranial Vascular Procedures with Stroke,01,S,"B02100, B02101, B02102"
중추신경계통의 기타 탈수초질환,G37,B662,Neuromyelitis Optica and Other B66202 W Catastrophic CC,18-2,,"B66200, B66201, B66202"
투석을 포함한 치료를 위하여 보건서비스와 접하고 있는 사람,Z49,L611,"Chronic Renal Failure, Peritoneal Dialysis, L61112 W Catastrophic CC",11,,"L61110, L61111, L61112, L61120, L61121"
기타 갑상선기능저하증,E03,A092,"Tracheostomy for Face, Mouth and Neck Disorders with Short-Term Ventilator",Pre,S,
기타 갑상선기능저하증,E03,A093,"Tracheostomy for Face, Mouth and Neck Disorders without Ventilator",Pre,S,
기타 갑상선기능저하증,E03,B762,Nontraumatic Encephalopathy due to B76201 W Catastrophic or Severe or Moderate,01,,"B76200, B76201"
기타 갑상선기능저하증,E03,K662,Thyrotoxicosis K66202 W Catastrophic or Severe CC,10,,"K66200, K66201, K66202"
기타 갑상선기능저하증,E03,K663,Other Thyroid Disorders K66302 W Catastrophic or Severe CC,10,,"K66300, K66301, K66302"
기타 갑상선기능저하증,E03,P641,"Neonate, Admission Weight 1250-1499g P64100 중증도 구분 없음",15,,P64100
기타 갑상선기능저하증,E03,P661,"Neonate, Admission Weight 2000-2499g P66100 중증도 구분 없음",15,,P66100
기타 갑상선기능저하증,E03,P671,"Neonate, Admission Weight>2499g without P67100 중증도 구분 없음",06,,P67100
외이의 기타 장애,H61,D622,Inner and Middle Ear Infections and D62201 W Catastrophic CC,08,,"D62200, D62201"
외이의 기타 장애,H61,D630,External Ear Infections and Inflammations D63000 중증도 구분 없음,03,,D63000
외이의 기타 장애,H61,P671,"Neonate, Admission Weight>2499g without P67100 중증도 구분 없음",06,,P67100
코용종,J33,A092,"Tracheostomy for Face, Mouth and Neck Disorders with Short-Term Ventilator",Pre,S,
코용종,J33,A093,"Tracheostomy for Face, Mouth and Neck Disorders without Ventilator",Pre,S,
코용종,J33,D680,Paranasal Sinus Infections and D68001 W Catastrophic or Severe or Moderate,15,,"D68000, D68001"
코용종,J33,D760,Voice Disorders D76001 W Catastrophic or Severe or Moderate,03,,"D76000, D76001"
코용종,J33,D810,Other Neck Diseases D81001 W Catastrophic or Severe CC,03,,"D81000, D81001"
코용종,J33,P641,"Neonate, Admission Weight 1250-1499g P64100 중증도 구분 없음",15,,P64100
코용종,J33,P651,"Neonate, Admission Weight 1500-1999g P65100 중증도 구분 없음",15,,P65100
코용종,J33,P652,"Neonate, Admission Weight 1500-1999g P65200 중증도 구분 없음",18-2,,P65200
발목 및 발의 화상 및 부식,T25,P641,"Neonate, Admission Weight 1250-1499g P64100 중증도 구분 없음",15,,P64100
발목 및 발의 화상 및 부식,T25,P651,"Neonate, Admission Weight 1500-1999g P65100 중증도 구분 없음",15,,P65100
발목 및 발의 화상 및 부식,T25,P652,"Neonate, Admission Weight 1500-1999g P65200 중증도 구분 없음",18-2,,P65200
발목 및 발의 화상 및 부식,T25,P661,"Neonate, Admission Weight 2000-2499g P66100 중증도 구분 없음",15,,P66100
발목 및 발의 화상 및 부식,T25,P662,"Neonate, Admission Weight 2000-2499g P66200 중증도 구분 없음",18-2,,P66200
발목 및 발의 화상 및 부식,T25,P671,"Neonate, Admission Weight>2499g without P67100 중증도 구분 없음",06,,P67100
발목 및 발의 화상 및 부식,T25,P672,"Neonate, Admission Weight>2499g without P67200 중증도 구분 없음",15,,P67200
발목 및 발의 화상 및 부식,T25,Y030,Other Burns with Skin Graft,22,S,"Y03000, Y03001"
발목 및 발의 화상 및 부식,T25,Y610,Moderate Burn without Skin Graft or Y61010 중증도 구분 없음,11,,"Y61010, Y61020, Y61021, Y61022"
발목 및 발의 화상 및 부식,T25,Y620,"Other Burns, Age ≤18 Y62010 중증도 구분 없음",02,,"Y62010, Y62020, Y62021, Y62022"
비류마티스성 승모판장애,I34,F730,Valvular Diseases F73002 W Catastrophic CC,19,,"F73000, F73001, F73002"
비류마티스성 승모판장애,I34,P641,"Neonate, Admission Weight 1250-1499g P64100 중증도 구분 없음",15,,P64100
비류마티스성 승모판장애,I34,P651,"Neonate, Admission Weight 1500-1999g P65100 중증도 구분 없음",15,,P65100
비류마티스성 승모판장애,I34,P652,"Neonate, Admission Weight 1500-1999g P65200 중증도 구분 없음",18-2,,P65200
비류마티스성 승모판장애,I34,P672,"Neonate, Admission Weight>2499g without P67200 중증도 구분 없음",15,,P67200
전신항생제에 의한 중독,T36,P641,"Neonate, Admission Weight 1250-1499g P64100 중증도 구분 없음",15,,P64100
전신항생제에 의한 중독,T36,P662,"Neonate, Admission Weight 2000-2499g P66200 중증도 구분 없음",18-2,,P66200
전신항생제에 의한 중독,T36,P671,"Neonate, Admission Weight>2499g without P67100 중증도 구분 없음",06,,P67100
중이의 진주종,H71,D621,Inner and Middle Ear Infections and D62100 중증도 구분 없음,03,,D62100
내부로 섭취된 물질에 의한 피부염,L27,J690,Other Moderate Skin Diseases J69003 W Catastrophic CC,09,,"J69000, J69001, J69002, J69003"
내부로 섭취된 물질에 의한 피부염,L27,J700,Other Minor Skin Diseases J70003 W Catastrophic CC,09,,"J70000, J70001, J70002, J70003"
내부로 섭취된 물질에 의한 피부염,L27,P651,"Neonate, Admission Weight 1500-1999g P65100 중증도 구분 없음",15,,P65100
유방의 선천기형,Q83,J063,Mastectomy except Malignancy,09,S,J06300
유방의 선천기형,Q83,P641,"Neonate, Admission Weight 1250-1499g P64100 중증도 구분 없음",15,,P64100
유방의 선천기형,Q83,P651,"Neonate, Admission Weight 1500-1999g P65100 중증도 구분 없음",15,,P65100
유방의 선천기형,Q83,P652,"Neonate, Admission Weight 1500-1999g P65200 중증도 구분 없음",18-2,,P65200
유방의 선천기형,Q83,P661,"Neonate, Admission Weight 2000-2499g P66100 중증도 구분 없음",15,,P66100
유방의 선천기형,Q83,P671,"Neonate, Admission Weight>2499g without P67100 중증도 구분 없음",06,,P67100
유방의 선천기형,Q83,P672,"Neonate, Admission Weight>2499g without P67200 중증도 구분 없음",15,,P67200
유방의 선천기형,Q83,Q600,"Leukocytes and Blood-Forming Organs, Q60013 W Catastrophic CC",16,,"Q60010, Q60011, Q60012, Q60013, Q60020, Q60021, Q60022, Q60023"
기타 관절염,M13,I141,"Hip and Femur Procedures, Bilateral or Multiple",08,S,"I14100, I14101, I14102"
기타 관절염,M13,I142,"Hip and Femur Procedures, Unilateral",08,S,"I14210, I14211, I14220, I14221"
기타 관절염,M13,I187,Other Shoulder Procedures,08,S,"I18700, I18701"
기타 관절염,M13,I194,Other Knee Joint Procedures,08,S,"I19400, I19401, I19402, I19403"
기타 관절염,M13,I200,Elbow and Forearm Procedures,08,S,"I20000, I20001, I20002"
기타 관절염,M13,I211,Foot and Ankle Tendon and Ligament Procedures,08,S,I21100
기타 관절염,M13,I212,Ankle Osteochondral Lesion Procedures,08,S,"I21200, I21201"
기타 관절염,M13,I251,Major Wrist and Hand Procedures,08,S,"I25100, I25101, I25102"
기타 관절염,M13,I252,Minor Wrist and Hand Procedures,08,S,"I25200, I25201, I25202, I25203"
기타 관절염,M13,I695,Gout and Specific Arthropathies I69503 W Catastrophic CC,08,,"I69500, I69501, I69502, I69503"
기타 관절염,M13,I696,,08,,"I69600, I69601, I69602"
기타 관절염,M13,I700,Non-specific Arthropathies I70002 W Catastrophic CC,08,,"I70000, I70001, I70002"
기타 관절염,M13,P661,"Neonate, Admission Weight 2000-2499g P66100 중증도 구분 없음",15,,P66100
기타 관절염,M13,P662,"Neonate, Admission Weight 2000-2499g P66200 중증도 구분 없음",18-2,,P66200
기타 관절염,M13,P671,"Neonate, Admission Weight>2499g without P67100 중증도 구분 없음",06,,P67100
기타 관절염,M13,P672,"Neonate, Admission Weight>2499g without P67200 중증도 구분 없음",15,,P67200
기타 관절염,M13,S640,Other HIV S64001 W Catastrophic CC,18-1,,"S64000, S64001"
달리 분류되지 않은 기타 진균증,B49,KDRG 미등록,,,,
피부의 비대성 장애,L91,J700,Other Minor Skin Diseases J70003 W Catastrophic CC,09,,"J70000, J70001, J70002, J70003"
입술 및 구강점막의 기타 질환,K13,A091,"Tracheostomy for Face, Mouth and Neck Disorders with Long-Term Ventilator",Pre,S,
입술 및 구강점막의 기타 질환,K13,A092,"Tracheostomy for Face, Mouth and Neck Disorders with Short-Term Ventilator",Pre,S,
혈청검사양성 류마티스관절염,M05,E753,Other Interstitial Lung Disease E75301 W Catastrophic CC,04,,"E75300, E75301"
혈청검사양성 류마티스관절염,M05,F692,Other Vascular Diseases F69203 W Catastrophic CC,05,,"F69200, F69201, F69202, F69203"
혈청검사양성 류마티스관절염,M05,I141,"Hip and Femur Procedures, Bilateral or Multiple",08,S,"I14100, I14101, I14102"
혈청검사양성 류마티스관절염,M05,I142,"Hip and Femur Procedures, Unilateral",08,S,"I14210, I14211, I14220, I14221"
혈청검사양성 류마티스관절염,M05,I187,Other Shoulder Procedures,08,S,"I18700, I18701"
혈청검사양성 류마티스관절염,M05,I194,Other Knee Joint Procedures,08,S,"I19400, I19401, I19402, I19403"
혈청검사양성 류마티스관절염,M05,I200,Elbow and Forearm Procedures,08,S,"I20000, I20001, I20002"
혈청검사양성 류마티스관절염,M05,I211,Foot and Ankle Tendon and Ligament Procedures,08,S,I21100
혈청검사양성 류마티스관절염,M05,I212,Ankle Osteochondral Lesion Procedures,08,S,"I21200, I21201"
혈청검사양성 류마티스관절염,M05,I213,Other Foot and Ankle Procedures,08,S,"I21300, I21301, I21302"
혈청검사양성 류마티스관절염,M05,I251,Major Wrist and Hand Procedures,08,S,"I25100, I25101, I25102"
혈청검사양성 류마티스관절염,M05,I252,Minor Wrist and Hand Procedures,08,S,"I25200, I25201, I25202, I25203"
혈청검사양성 류마티스관절염,M05,I665,Rheumatoid Arthritis I66502 W Catastrophic CC,08,,"I66500, I66501, I66502"
후각 및 미각 장애,R43,B814,Other Nervous System Disorders B81402 W Catastrophic CC,01,,"B81400, B81401, B81402"
후각 및 미각 장애,R43,S640,Other HIV S64001 W Catastrophic CC,18-1,,"S64000, S64001"
후각 및 미각 장애,R43,T015,OR Procedures for Other Infectious Diseases,18-2,S,"T01500, T01501"
후각 및 미각 장애,R43,T620,"Fever, Age ≤18 T62010 중증도 구분 없음",23,,"T62010, T62020, T62021, T62022"
대동맥동맥류 및 박리,I71,F061,"Repair of Aneurysm or Coarctation of Aorta with Rupture, with Pump Oxygenator",05,S,F06100
대동맥동맥류 및 박리,I71,F081,Percutaneous Procedures for Aneurysm of Abdominal Aorta and Iliac Artery without Rupture,05,S,"F08100, F08101"
대동맥동맥류 및 박리,I71,F083,Percutaneous Procedures of Thoracic Aortic Aneurysm,05,S,"F08300, F08301"
대동맥동맥류 및 박리,I71,F084,Percutaneous Procedures of Aortic Dissection,05,S,"F08400, F08401"
대동맥동맥류 및 박리,I71,F194,Percutaneous Procedures of Chronic Obstructive Peripheral Artery Disease(Multiple),05,S,"F19400, F19401"
대동맥동맥류 및 박리,I71,F661,Aortic Dissection with Major Organ and F66101 W Catastrophic or Severe CC,14,,"F66100, F66101"
대동맥동맥류 및 박리,I71,F662,Other Aortic Dissection F66201 W Catastrophic CC,19,,"F66200, F66201"
대동맥동맥류 및 박리,I71,I721,"Infectious Tendinitis, Myositis and Bursitis I72102 W Catastrophic CC",08,,"I72100, I72101, I72102"
대동맥동맥류 및 박리,I71,I740,"Injuries to Forearm, Wrist, Hand and Foot, I74010 중증도 구분 없음",05,,"I74010, I74020, I74021"
대동맥동맥류 및 박리,I71,P641,"Neonate, Admission Weight 1250-1499g P64100 중증도 구분 없음",15,,P64100
대동맥동맥류 및 박리,I71,P651,"Neonate, Admission Weight 1500-1999g P65100 중증도 구분 없음",15,,P65100
대동맥동맥류 및 박리,I71,P652,"Neonate, Admission Weight 1500-1999g P65200 중증도 구분 없음",18-2,,P65200
대동맥동맥류 및 박리,I71,P661,"Neonate, Admission Weight 2000-2499g P66100 중증도 구분 없음",15,,P66100
대동맥동맥류 및 박리,I71,P662,"Neonate, Admission Weight 2000-2499g P66200 중증도 구분 없음",18-2,,P66200
대동맥동맥류 및 박리,I71,P671,"Neonate, Admission Weight>2499g without P67100 중증도 구분 없음",06,,P67100
대동맥동맥류 및 박리,I71,P672,"Neonate, Admission Weight>2499g without P67200 중증도 구분 없음",15,,P67200
강직척추염,M45,B171,Spinal Fusion with Myelopathy,01,S,"B17100, B17101, B17102, B17103"
강직척추염,M45,B173,Laminectomy and Diskectomy with Myelopathy,01,S,"B17300, B17301, B17302"
강직척추염,M45,I081,Spinal Fusion with Myelopathy,08,S,"I08100, I08101, I08102, I08103"
강직척추염,M45,I083,Laminectomy and Diskectomy with Myelopathy,08,S,"I08300, I08301, I08302, I08303"
강직척추염,M45,I085,Other Spinal Procedures with Myelopathy,08,S,"I08500, I08501"
강직척추염,M45,I668,Ankylosing Spondylitis I66801 W Catastrophic or Severe CC,08,,"I66800, I66801"
강직척추염,M45,I681,Non-Surgical Neck and Back Conditions I68113 W Catastrophic CC 중증도,08,,"I68110, I68111, I68112, I68113, I68120, I68121, I68122, I68123"
강직척추염,M45,I682,Non-Surgical Neck and Back Conditions I68213 W Catastrophic CC,08,,"I68210, I68211, I68212, I68213, I68220, I68221, I68222, I68223"
기타 불안장애,F41,U650,Anxiety Disorders and Sleep Disorders U65002 W Catastrophic CC,19,,"U65000, U65001, U65002"
뼈의 기타 장애,M89,I141,"Hip and Femur Procedures, Bilateral or Multiple",08,S,"I14100, I14101, I14102"
뼈의 기타 장애,M89,I142,"Hip and Femur Procedures, Unilateral",08,S,"I14210, I14211, I14220, I14221"
뼈의 기타 장애,M89,I160,"Humerus, Tibia, and Fibula Procedures",08,S,"I16010, I16020, I16021, I16022"
뼈의 기타 장애,M89,I187,Other Shoulder Procedures,08,S,"I18700, I18701"
뼈의 기타 장애,M89,I194,Other Knee Joint Procedures,08,S,"I19400, I19401, I19402, I19403"
뼈의 기타 장애,M89,I200,Elbow and Forearm Procedures,08,S,"I20000, I20001, I20002"
뼈의 기타 장애,M89,I211,Foot and Ankle Tendon and Ligament Procedures,08,S,I21100
뼈의 기타 장애,M89,I212,Ankle Osteochondral Lesion Procedures,08,S,"I21200, I21201"
뼈의 기타 장애,M89,I213,Other Foot and Ankle Procedures,08,S,"I21300, I21301, I21302"
뼈의 기타 장애,M89,I251,Major Wrist and Hand Procedures,08,S,"I25100, I25101, I25102"
뼈의 기타 장애,M89,I252,Minor Wrist and Hand Procedures,08,S,"I25200, I25201, I25202, I25203"
뼈의 기타 장애,M89,I640,Osteomyelitis I64003 W Catastrophic CC,08,,"I64000, I64001, I64002, I64003"
뼈의 기타 장애,M89,I695,Gout and Specific Arthropathies I69503 W Catastrophic CC,08,,"I69500, I69501, I69502, I69503"
뼈의 기타 장애,M89,I760,"Other Musculoskeletal Diseases, Age ≤18 I76011 W Catastrophic or Severe CC",08,,"I76010, I76011, I76020, I76021, I76022"
뼈의 기타 장애,M89,P641,"Neonate, Admission Weight 1250-1499g P64100 중증도 구분 없음",15,,P64100
뼈의 기타 장애,M89,P651,"Neonate, Admission Weight 1500-1999g P65100 중증도 구분 없음",15,,P65100
뼈의 기타 장애,M89,P652,"Neonate, Admission Weight 1500-1999g P65200 중증도 구분 없음",18-2,,P65200
뼈의 기타 장애,M89,P661,"Neonate, Admission Weight 2000-2499g P66100 중증도 구분 없음",15,,P66100
뼈의 기타 장애,M89,P662,"Neonate, Admission Weight 2000-2499g P66200 중증도 구분 없음",18-2,,P66200
뼈의 기타 장애,M89,P671,"Neonate, Admission Weight>2499g without P67100 중증도 구분 없음",06,,P67100
뼈의 기타 장애,M89,P672,"Neonate, Admission Weight>2499g without P67200 중증도 구분 없음",15,,P67200
우울에피소드,F32,U630,"Affective Disorders, Age ≥65 U63021 W Catastrophic or Severe CC",19,,"U63010, U63011, U63020, U63021"
안와의 장애,H05,C600,"Acute and Major Eye Infections, Age ＜65 C60010 중증도 구분 없음",02,,"C60010, C60020"
안와의 장애,H05,C620,Hyphema and Medically Managed Trauma C62001 W Catastrophic or Severe CC,12,,"C62000, C62001"
안와의 장애,H05,C630,"Other Diseases of the Eye, Age ≤18 C63011 W Catastrophic or Severe or Moderate",02,,"C63010, C63011, C63020, C63021, C63022, C63023"
안와의 장애,H05,H131,Hepatobiliary Diagnostic Procedures for Malignancy,07,S,H13100
안와의 장애,H05,H132,Hepatobiliary Diagnostic Procedures Except Malignancy,07,S,"H13200, H13201"
안와의 장애,H05,P641,"Neonate, Admission Weight 1250-1499g P64100 중증도 구분 없음",15,,P64100
소장의 악성 신생물,C17,G503,Gastroscopy for Major Digestive Diseases,06,S,"G50300, G50301, G50302, G50303"
소장의 악성 신생물,C17,G603,Digestive Malignancy without Radiation G60303 W Catastrophic CC,15,,"G60300, G60301, G60302, G60303"
소장의 악성 신생물,C17,P641,"Neonate, Admission Weight 1250-1499g P64100 중증도 구분 없음",15,,P64100
기타 및 상세불명의 비뇨기관의 악성 신생물,C68,L631,Kidney and Urinary Tract Neoplasms with L63100 중증도 구분 없음,11,,L63100
기타 및 상세불명의 비뇨기관의 악성 신생물,C68,P652,"Neonate, Admission Weight 1500-1999g P65200 중증도 구분 없음",18-2,,P65200
정맥의 기타 장애,I87,F692,Other Vascular Diseases F69203 W Catastrophic CC,05,,"F69200, F69201, F69202, F69203"
정맥의 기타 장애,I87,F800,Other Circulatory System Diseases F80003 W Catastrophic CC,05,,"F80000, F80001, F80002, F80003"
이상동(梨狀洞)의 악성 신생물,C12,KDRG 미등록,,,,
달리 분류되지 않은 신경계통의 처치후 장애,G97,B780,Headache B78003 W Catastrophic CC,18-1,,"B78000, B78001, B78002, B78003"
달리 분류되지 않은 신경계통의 처치후 장애,G97,B813,Diseases of Cerebrospinal Fluid or B81301 W Catastrophic CC,01,,"B81300, B81301"
달리 분류되지 않은 신경계통의 처치후 장애,G97,B814,Other Nervous System Disorders B81402 W Catastrophic CC,01,,"B81400, B81401, B81402"
기타 류마티스관절염,M06,I141,"Hip and Femur Procedures, Bilateral or Multiple",08,S,"I14100, I14101, I14102"
기타 류마티스관절염,M06,I142,"Hip and Femur Procedures, Unilateral",08,S,"I14210, I14211, I14220, I14221"
기타 류마티스관절염,M06,I187,Other Shoulder Procedures,08,S,"I18700, I18701"
기타 류마티스관절염,M06,I194,Other Knee Joint Procedures,08,S,"I19400, I19401, I19402, I19403"
기타 류마티스관절염,M06,I200,Elbow and Forearm Procedures,08,S,"I20000, I20001, I20002"
기타 류마티스관절염,M06,I211,Foot and Ankle Tendon and Ligament Procedures,08,S,I21100
기타 류마티스관절염,M06,I212,Ankle Osteochondral Lesion Procedures,08,S,"I21200, I21201"
기타 류마티스관절염,M06,I213,Other Foot and Ankle Procedures,08,S,"I21300, I21301, I21302"
기타 류마티스관절염,M06,I251,Major Wrist and Hand Procedures,08,S,"I25100, I25101, I25102"
기타 류마티스관절염,M06,I252,Minor Wrist and Hand Procedures,08,S,"I25200, I25201, I25202, I25203"
기타 류마티스관절염,M06,I665,Rheumatoid Arthritis I66502 W Catastrophic CC,08,,"I66500, I66501, I66502"
기타 류마티스관절염,M06,I667,"Other Connective Tissue Diseases, I66712 W Catastrophic CC",08,,"I66710, I66711, I66712, I66720, I66721, I66722"
기타 류마티스관절염,M06,I692,Adult-onset Still’s disease I69201 W Catastrophic or Severe or Moderate,08,,"I69200, I69201"
기타 류마티스관절염,M06,I695,Gout and Specific Arthropathies I69503 W Catastrophic CC,08,,"I69500, I69501, I69502, I69503"
기타 내부기관의 화상 및 부식,T28,A091,"Tracheostomy for Face, Mouth and Neck Disorders with Long-Term Ventilator",Pre,S,
기타 내부기관의 화상 및 부식,T28,A093,"Tracheostomy for Face, Mouth and Neck Disorders without Ventilator",Pre,S,
기타 내부기관의 화상 및 부식,T28,G688,Other Major Digestive system Diseases G68801 W Catastrophic CC,06,,"G68800, G68801"
기타 내부기관의 화상 및 부식,T28,G689,Other Digestive system Diseases G68902 W Catastrophic CC,06,,"G68900, G68901, G68902"
기타 내부기관의 화상 및 부식,T28,L680,Other Kidney and Urinary Tract Diseases L68003 W Catastrophic CC,11,,"L68000, L68001, L68002, L68003"
기타 내부기관의 화상 및 부식,T28,P641,"Neonate, Admission Weight 1250-1499g P64100 중증도 구분 없음",15,,P64100
기타 내부기관의 화상 및 부식,T28,P651,"Neonate, Admission Weight 1500-1999g P65100 중증도 구분 없음",15,,P65100
기타 내부기관의 화상 및 부식,T28,P652,"Neonate, Admission Weight 1500-1999g P65200 중증도 구분 없음",18-2,,P65200
기타 내부기관의 화상 및 부식,T28,P661,"Neonate, Admission Weight 2000-2499g P66100 중증도 구분 없음",15,,P66100
기타 내부기관의 화상 및 부식,T28,P662,"Neonate, Admission Weight 2000-2499g P66200 중증도 구분 없음",18-2,,P66200
기타 내부기관의 화상 및 부식,T28,P672,"Neonate, Admission Weight>2499g without P67200 중증도 구분 없음",15,,P67200
기타 내부기관의 화상 및 부식,T28,Y610,Moderate Burn without Skin Graft or Y61010 중증도 구분 없음,11,,"Y61010, Y61020, Y61021, Y61022"
기타 내부기관의 화상 및 부식,T28,Y620,"Other Burns, Age ≤18 Y62010 중증도 구분 없음",02,,"Y62010, Y62020, Y62021, Y62022"
고환의 염전,N44,KDRG 미등록,,,,
달리 분류된 질환에서의 신경계통의 기타 퇴행장애,G13,B642,Atypical Parkinsonism B64201 W Catastrophic or Severe CC,01,,"B64200, B64201"
달리 분류된 질환에서의 신경계통의 기타 퇴행장애,G13,B657,Other Degenerative Movement Disorders B65702 W Catastrophic CC,01,,"B65700, B65701, B65702"
달리 분류된 질환에서의 신경계통의 기타 퇴행장애,G13,B714,Neoplastic Peripheral Nerve Diseases B71401 W Catastrophic CC,01,,"B71400, B71401"
달리 분류된 질환에서의 신경계통의 기타 퇴행장애,G13,G311,Rectovaginal Fistula Procedures,06,S,"G31100, G31101"
상세불명의 비기질성 정신병,F29,KDRG 미등록,,,,
림프절의 이차성 및 상세불명의 악성 신생물,C77,A091,"Tracheostomy for Face, Mouth and Neck Disorders with Long-Term Ventilator",Pre,S,
림프절의 이차성 및 상세불명의 악성 신생물,C77,E672,Respiratory Neoplasm with Chemotherapy E67203 W Catastrophic CC,03,,"E67200, E67201, E67202, E67203"
림프절의 이차성 및 상세불명의 악성 신생물,C77,E673,Respiratory Neoplasm without Radiation E67303 W Catastrophic CC,15,,"E67300, E67301, E67302, E67303"
림프절의 이차성 및 상세불명의 악성 신생물,C77,G601,Digestive Malignancy with Radiation G60103 W Catastrophic CC,06,,"G60100, G60101, G60102, G60103"
림프절의 이차성 및 상세불명의 악성 신생물,C77,P641,"Neonate, Admission Weight 1250-1499g P64100 중증도 구분 없음",15,,P64100
림프절의 이차성 및 상세불명의 악성 신생물,C77,P651,"Neonate, Admission Weight 1500-1999g P65100 중증도 구분 없음",15,,P65100
림프절의 이차성 및 상세불명의 악성 신생물,C77,P652,"Neonate, Admission Weight 1500-1999g P65200 중증도 구분 없음",18-2,,P65200
림프절의 이차성 및 상세불명의 악성 신생물,C77,P661,"Neonate, Admission Weight 2000-2499g P66100 중증도 구분 없음",15,,P66100
림프절의 이차성 및 상세불명의 악성 신생물,C77,P671,"Neonate, Admission Weight>2499g without P67100 중증도 구분 없음",06,,P67100
림프절의 이차성 및 상세불명의 악성 신생물,C77,P672,"Neonate, Admission Weight>2499g without P67200 중증도 구분 없음",15,,P67200
티아민결핍,E51,K620,Severe Nutritional Disturbance K62002 W Catastrophic CC,10,,"K62000, K62001, K62002"
티아민결핍,E51,S640,Other HIV S64001 W Catastrophic CC,18-1,,"S64000, S64001"
유방의 비대,N62,KDRG 미등록,,,,
기타 신경성 장애,G98,KDRG 미등록,,,,
출혈 또는 경색증으로 명시되지 않은 뇌졸중,I64,KDRG 미등록,,,,
위공장궤양,K28,G503,Gastroscopy for Major Digestive Diseases,06,S,"G50300, G50301, G50302, G50303"
위공장궤양,K28,G523,Colonoscopy for Major Digestive Diseases,06,S,"G52300, G52301, G52302, G52303"
위공장궤양,K28,G533,Sigmoidoscopy for Major Digestive Diseases,06,S,"G53300, G53301, G53302, G53303"
위공장궤양,K28,G620,Other Complicated Peptic Ulcer G62001 W Catastrophic CC,06,,"G62000, G62001"
위공장궤양,K28,G673,Other Gastrointestinal Symptoms G67302 W Catastrophic CC,06,,"G67300, G67301, G67302"
위공장궤양,K28,G681,Diseases of Appendix G68102 W Catastrophic CC,18-1,,"G68100, G68101, G68102"
위공장궤양,K28,P652,"Neonate, Admission Weight 1500-1999g P65200 중증도 구분 없음",18-2,,P65200
위공장궤양,K28,P661,"Neonate, Admission Weight 2000-2499g P66100 중증도 구분 없음",15,,P66100
위공장궤양,K28,P672,"Neonate, Admission Weight>2499g without P67200 중증도 구분 없음",15,,P67200
위공장궤양,K28,S640,Other HIV S64001 W Catastrophic CC,18-1,,"S64000, S64001"
갑상선독증[갑상선기능항진증],E05,A091,"Tracheostomy for Face, Mouth and Neck Disorders with Long-Term Ventilator",Pre,S,
갑상선독증[갑상선기능항진증],E05,A092,"Tracheostomy for Face, Mouth and Neck Disorders with Short-Term Ventilator",Pre,S,
갑상선독증[갑상선기능항진증],E05,A093,"Tracheostomy for Face, Mouth and Neck Disorders without Ventilator",Pre,S,
갑상선독증[갑상선기능항진증],E05,K662,Thyrotoxicosis K66202 W Catastrophic or Severe CC,10,,"K66200, K66201, K66202"
갑상선독증[갑상선기능항진증],E05,K663,Other Thyroid Disorders K66302 W Catastrophic or Severe CC,10,,"K66300, K66301, K66302"
갑상선독증[갑상선기능항진증],E05,P641,"Neonate, Admission Weight 1250-1499g P64100 중증도 구분 없음",15,,P64100
갑상선독증[갑상선기능항진증],E05,P662,"Neonate, Admission Weight 2000-2499g P66200 중증도 구분 없음",18-2,,P66200
기타 여성골반염증질환,N74,N610,Female Reproductive System Infections N61003 W Catastrophic CC,13,,"N61000, N61001, N61002, N61003"
발목 및 발 부위의 신경의 손상,S94,B702,Injury of Peripheral Nerve B70200 중증도 구분 없음,01,,B70200
발목 및 발 부위의 신경의 손상,S94,P672,"Neonate, Admission Weight>2499g without P67200 중증도 구분 없음",15,,P67200
발목 및 발 부위의 신경의 손상,S94,W600,"Multiple Trauma, Transferred to Another W60000 중증도 구분 없음",21-1,,W60000
"사용, 과용 및 압박에 관련된 연조직장애",M70,I141,"Hip and Femur Procedures, Bilateral or Multiple",08,S,"I14100, I14101, I14102"
"사용, 과용 및 압박에 관련된 연조직장애",M70,I142,"Hip and Femur Procedures, Unilateral",08,S,"I14210, I14211, I14220, I14221"
"사용, 과용 및 압박에 관련된 연조직장애",M70,I160,"Humerus, Tibia, and Fibula Procedures",08,S,"I16010, I16020, I16021, I16022"
"사용, 과용 및 압박에 관련된 연조직장애",M70,I187,Other Shoulder Procedures,08,S,"I18700, I18701"
"사용, 과용 및 압박에 관련된 연조직장애",M70,I194,Other Knee Joint Procedures,08,S,"I19400, I19401, I19402, I19403"
"사용, 과용 및 압박에 관련된 연조직장애",M70,I200,Elbow and Forearm Procedures,08,S,"I20000, I20001, I20002"
"사용, 과용 및 압박에 관련된 연조직장애",M70,I211,Foot and Ankle Tendon and Ligament Procedures,08,S,I21100
"사용, 과용 및 압박에 관련된 연조직장애",M70,I213,Other Foot and Ankle Procedures,08,S,"I21300, I21301, I21302"
"사용, 과용 및 압박에 관련된 연조직장애",M70,I251,Major Wrist and Hand Procedures,08,S,"I25100, I25101, I25102"
"사용, 과용 및 압박에 관련된 연조직장애",M70,I252,Minor Wrist and Hand Procedures,08,S,"I25200, I25201, I25202, I25203"
"사용, 과용 및 압박에 관련된 연조직장애",M70,I721,"Infectious Tendinitis, Myositis and Bursitis I72102 W Catastrophic CC",08,,"I72100, I72101, I72102"
"사용, 과용 및 압박에 관련된 연조직장애",M70,I722,"Noninfectious Tendinitis, Myositis and I72211 W Catastrophic or Severe or Moderate",08,,"I72210, I72211, I72220, I72221, I72222, I72223"
뇌의 기타 장애,G93,B171,Spinal Fusion with Myelopathy,01,S,"B17100, B17101, B17102, B17103"
뇌의 기타 장애,G93,B173,Laminectomy and Diskectomy with Myelopathy,01,S,"B17300, B17301, B17302"
뇌의 기타 장애,G93,B175,Other Spinal Procedures with Myelopathy,01,S,"B17500, B17501"
뇌의 기타 장애,G93,B603,Other Spinal Cord Diseases and Injuries B60302 W Catastrophic CC,01,,"B60300, B60301, B60302"
뇌의 기타 장애,G93,B718,Neuropathic Pain and Autonomic Nerve B71803 W Catastrophic CC,07,,"B71800, B71801, B71802, B71803"
뇌의 기타 장애,G93,B761,Anoxic Brain Damage B76101 W Catastrophic or Severe CC,18-1,,"B76100, B76101"
뇌의 기타 장애,G93,B762,Nontraumatic Encephalopathy due to B76201 W Catastrophic or Severe or Moderate,01,,"B76200, B76201"
뇌의 기타 장애,G93,B763,Other Nontraumatic Encephalopathy B76302 W Catastrophic CC,01,,"B76300, B76301, B76302"
뇌의 기타 장애,G93,B780,Headache B78003 W Catastrophic CC,18-1,,"B78000, B78001, B78002, B78003"
뇌의 기타 장애,G93,B813,Diseases of Cerebrospinal Fluid or B81301 W Catastrophic CC,01,,"B81300, B81301"
뇌의 기타 장애,G93,B814,Other Nervous System Disorders B81402 W Catastrophic CC,01,,"B81400, B81401, B81402"
뇌의 기타 장애,G93,I062,Excision of Intraspinal Lesion with Myelopathy,08,S,"I06200, I06201"
뇌의 기타 장애,G93,I081,Spinal Fusion with Myelopathy,08,S,"I08100, I08101, I08102, I08103"
뇌의 기타 장애,G93,I083,Laminectomy and Diskectomy with Myelopathy,08,S,"I08300, I08301, I08302, I08303"
뇌의 기타 장애,G93,I085,Other Spinal Procedures with Myelopathy,08,S,"I08500, I08501"
뇌의 기타 장애,G93,P641,"Neonate, Admission Weight 1250-1499g P64100 중증도 구분 없음",15,,P64100
뇌의 기타 장애,G93,P651,"Neonate, Admission Weight 1500-1999g P65100 중증도 구분 없음",15,,P65100
뇌의 기타 장애,G93,S610,HIV-Related Central Nerve System S61000 중증도 구분 없음,18-1,,S61000
달리 분류되지 않은 귀의 기타 장애,H93,D650,"Hearing Impairment, Age ≤18 D65010 중증도 구분 없음",03,,"D65010, D65020, D65021, D65022"
달리 분류되지 않은 귀의 기타 장애,H93,D660,Ear Trauma and Other Diseases D66001 W Catastrophic or Severe CC,03,,"D66000, D66001"
달리 분류되지 않은 귀의 기타 장애,H93,F711,Malignant Hypertension F71101 W Catastrophic or Severe CC,19,,"F71100, F71101"
달리 분류되지 않은 귀의 기타 장애,H93,F730,Valvular Diseases F73002 W Catastrophic CC,19,,"F73000, F73001, F73002"
달리 분류되지 않은 귀의 기타 장애,H93,F800,Other Circulatory System Diseases F80003 W Catastrophic CC,05,,"F80000, F80001, F80002, F80003"
달리 분류되지 않은 귀의 기타 장애,H93,I091,Interventional Procedures of Spine for Bone,08,S,"I09100, I09101, I09102, I09103"
달리 분류되지 않은 귀의 기타 장애,H93,I092,Interventional Procedures of Spine for Nerve,08,S,I09200
달리 분류되지 않은 귀의 기타 장애,H93,I101,Implantation or Change of Spinal Neurostimulator Electrodes and Drug Infusion Pump,08,S,I10100
달리 분류되지 않은 귀의 기타 장애,H93,P661,"Neonate, Admission Weight 2000-2499g P66100 중증도 구분 없음",15,,P66100
달리 분류되지 않은 귀의 기타 장애,H93,P662,"Neonate, Admission Weight 2000-2499g P66200 중증도 구분 없음",18-2,,P66200
아래팔 부위의 근육 및 힘줄의 손상,S56,I200,Elbow and Forearm Procedures,08,S,"I20000, I20001, I20002"
아래팔 부위의 근육 및 힘줄의 손상,S56,P651,"Neonate, Admission Weight 1500-1999g P65100 중증도 구분 없음",15,,P65100
아래팔 부위의 근육 및 힘줄의 손상,S56,P661,"Neonate, Admission Weight 2000-2499g P66100 중증도 구분 없음",15,,P66100
아래팔 부위의 근육 및 힘줄의 손상,S56,P671,"Neonate, Admission Weight>2499g without P67100 중증도 구분 없음",06,,P67100
아래팔 부위의 근육 및 힘줄의 손상,S56,W600,"Multiple Trauma, Transferred to Another W60000 중증도 구분 없음",21-1,,W60000
아래팔 부위의 근육 및 힘줄의 손상,S56,W610,Multiple Trauma without Procedures W61002 W Catastrophic CC,21-1,,"W61000, W61001, W61002"
아래팔 부위의 근육 및 힘줄의 손상,S56,X600,"Injuries, Age ≤18 X60011 W Catastrophic or Severe or Moderate",21-2,,"X60010, X60011, X60020, X60021, X60030, X60031, X60032"
"복부, 아래등 및 골반 부위의 신경 및 허리척수의 손상",S34,B123,"Evacuation of Hematoma related to Trauma, Other Intracerebral Hemorrhage",01,S,B12300
"복부, 아래등 및 골반 부위의 신경 및 허리척수의 손상",S34,B603,Other Spinal Cord Diseases and Injuries B60302 W Catastrophic CC,01,,"B60300, B60301, B60302"
"복부, 아래등 및 골반 부위의 신경 및 허리척수의 손상",S34,B701,"Injury of Root, Plexus and Nerves of Trunk B70100 중증도 구분 없음",01,,B70100
"복부, 아래등 및 골반 부위의 신경 및 허리척수의 손상",S34,P651,"Neonate, Admission Weight 1500-1999g P65100 중증도 구분 없음",15,,P65100
"복부, 아래등 및 골반 부위의 신경 및 허리척수의 손상",S34,P652,"Neonate, Admission Weight 1500-1999g P65200 중증도 구분 없음",18-2,,P65200
"복부, 아래등 및 골반 부위의 신경 및 허리척수의 손상",S34,W600,"Multiple Trauma, Transferred to Another W60000 중증도 구분 없음",21-1,,W60000
"복부, 아래등 및 골반 부위의 신경 및 허리척수의 손상",S34,W610,Multiple Trauma without Procedures W61002 W Catastrophic CC,21-1,,"W61000, W61001, W61002"
"복부, 아래등 및 골반 부위의 신경 및 허리척수의 손상",S34,X600,"Injuries, Age ≤18 X60011 W Catastrophic or Severe or Moderate",21-2,,"X60010, X60011, X60020, X60021, X60030, X60031, X60032"
뎅기,A90,KDRG 미등록,,,,
심장정지,I46,F651,Hypothermia Therapy F65100 중증도 구분 없음,19,,F65100
심장정지,I46,F652,"Other Cardiac Arrest, Unspecified F65201 W Catastrophic CC",19,,"F65200, F65201"
복강내기관의 손상,S36,G688,Other Major Digestive system Diseases G68801 W Catastrophic CC,06,,"G68800, G68801"
복강내기관의 손상,S36,H641,Diseases of Pancreas except Malignancy H64100 중증도 구분 없음,07,,H64100
복강내기관의 손상,S36,H642,Diseases of Pancreas except Malignancy H64203 W Catastrophic CC,15,,"H64200, H64201, H64202, H64203"
복강내기관의 손상,S36,H691,Other Major Liver Diseases H69103 W Catastrophic CC,07,,"H69100, H69101, H69102, H69103"
복강내기관의 손상,S36,H702,Diseases of Biliary Tract without H70203 W Catastrophic CC,15,,"H70200, H70201, H70202, H70203"
복강내기관의 손상,S36,P641,"Neonate, Admission Weight 1250-1499g P64100 중증도 구분 없음",15,,P64100
복강내기관의 손상,S36,P651,"Neonate, Admission Weight 1500-1999g P65100 중증도 구분 없음",15,,P65100
복강내기관의 손상,S36,P652,"Neonate, Admission Weight 1500-1999g P65200 중증도 구분 없음",18-2,,P65200
복강내기관의 손상,S36,P661,"Neonate, Admission Weight 2000-2499g P66100 중증도 구분 없음",15,,P66100
복강내기관의 손상,S36,P662,"Neonate, Admission Weight 2000-2499g P66200 중증도 구분 없음",18-2,,P66200
복강내기관의 손상,S36,P671,"Neonate, Admission Weight>2499g without P67100 중증도 구분 없음",06,,P67100
복강내기관의 손상,S36,P672,"Neonate, Admission Weight>2499g without P67200 중증도 구분 없음",15,,P67200
복강내기관의 손상,S36,W600,"Multiple Trauma, Transferred to Another W60000 중증도 구분 없음",21-1,,W60000
복강내기관의 손상,S36,W610,Multiple Trauma without Procedures W61002 W Catastrophic CC,21-1,,"W61000, W61001, W61002"
복강내기관의 손상,S36,X600,"Injuries, Age ≤18 X60011 W Catastrophic or Severe or Moderate",21-2,,"X60010, X60011, X60020, X60021, X60030, X60031, X60032"
뼈의 파젯병[변형성 골염],M88,I141,"Hip and Femur Procedures, Bilateral or Multiple",08,S,"I14100, I14101, I14102"
뼈의 파젯병[변형성 골염],M88,I142,"Hip and Femur Procedures, Unilateral",08,S,"I14210, I14211, I14220, I14221"
뼈의 파젯병[변형성 골염],M88,I160,"Humerus, Tibia, and Fibula Procedures",08,S,"I16010, I16020, I16021, I16022"
뼈의 파젯병[변형성 골염],M88,I187,Other Shoulder Procedures,08,S,"I18700, I18701"
뼈의 파젯병[변형성 골염],M88,I200,Elbow and Forearm Procedures,08,S,"I20000, I20001, I20002"
뼈의 파젯병[변형성 골염],M88,I211,Foot and Ankle Tendon and Ligament Procedures,08,S,I21100
뼈의 파젯병[변형성 골염],M88,I251,Major Wrist and Hand Procedures,08,S,"I25100, I25101, I25102"
뼈의 파젯병[변형성 골염],M88,I252,Minor Wrist and Hand Procedures,08,S,"I25200, I25201, I25202, I25203"
뼈의 파젯병[변형성 골염],M88,I696,,08,,"I69600, I69601, I69602"
뼈의 파젯병[변형성 골염],M88,I760,"Other Musculoskeletal Diseases, Age ≤18 I76011 W Catastrophic or Severe CC",08,,"I76010, I76011, I76020, I76021, I76022"
"피부 및 피하조직의 국소적 부기, 종괴 및 덩이",R22,B171,Spinal Fusion with Myelopathy,01,S,"B17100, B17101, B17102, B17103"
"피부 및 피하조직의 국소적 부기, 종괴 및 덩이",R22,B173,Laminectomy and Diskectomy with Myelopathy,01,S,"B17300, B17301, B17302"
"피부 및 피하조직의 국소적 부기, 종괴 및 덩이",R22,B175,Other Spinal Procedures with Myelopathy,01,S,"B17500, B17501"
"피부 및 피하조직의 국소적 부기, 종괴 및 덩이",R22,B814,Other Nervous System Disorders B81402 W Catastrophic CC,01,,"B81400, B81401, B81402"
"피부 및 피하조직의 국소적 부기, 종괴 및 덩이",R22,I081,Spinal Fusion with Myelopathy,08,S,"I08100, I08101, I08102, I08103"
"피부 및 피하조직의 국소적 부기, 종괴 및 덩이",R22,I083,Laminectomy and Diskectomy with Myelopathy,08,S,"I08300, I08301, I08302, I08303"
"피부 및 피하조직의 국소적 부기, 종괴 및 덩이",R22,I085,Other Spinal Procedures with Myelopathy,08,S,"I08500, I08501"
"피부 및 피하조직의 국소적 부기, 종괴 및 덩이",R22,I142,"Hip and Femur Procedures, Unilateral",08,S,"I14210, I14211, I14220, I14221"
"피부 및 피하조직의 국소적 부기, 종괴 및 덩이",R22,I710,Musculotendinous Disorders I71003 W Catastrophic CC,08,,"I71000, I71001, I71002, I71003"
"피부 및 피하조직의 국소적 부기, 종괴 및 덩이",R22,J700,Other Minor Skin Diseases J70003 W Catastrophic CC,09,,"J70000, J70001, J70002, J70003"
"피부 및 피하조직의 국소적 부기, 종괴 및 덩이",R22,L661,Kidney and Urinary Tract Signs and L66100 중증도 구분 없음,11,,L66100
"피부 및 피하조직의 국소적 부기, 종괴 및 덩이",R22,L662,Kidney and Urinary Tract Signs and L66202 W Catastrophic CC,18-1,,"L66200, L66201, L66202"
자궁경부의 악성 신생물,C53,N071,"Laparoscopic Cervix, Vagina and Vulva Procedures for Malignancy",13,S,"N07100, N07101, N07102"
자궁경부의 악성 신생물,C53,P641,"Neonate, Admission Weight 1250-1499g P64100 중증도 구분 없음",15,,P64100
자궁경부의 악성 신생물,C53,P672,"Neonate, Admission Weight>2499g without P67200 중증도 구분 없음",15,,P67200
엉덩이 및 대퇴 부위의 근육 및 힘줄의 손상,S76,I141,"Hip and Femur Procedures, Bilateral or Multiple",08,S,"I14100, I14101, I14102"
엉덩이 및 대퇴 부위의 근육 및 힘줄의 손상,S76,I142,"Hip and Femur Procedures, Unilateral",08,S,"I14210, I14211, I14220, I14221"
엉덩이 및 대퇴 부위의 근육 및 힘줄의 손상,S76,P651,"Neonate, Admission Weight 1500-1999g P65100 중증도 구분 없음",15,,P65100
엉덩이 및 대퇴 부위의 근육 및 힘줄의 손상,S76,P662,"Neonate, Admission Weight 2000-2499g P66200 중증도 구분 없음",18-2,,P66200
엉덩이 및 대퇴 부위의 근육 및 힘줄의 손상,S76,W600,"Multiple Trauma, Transferred to Another W60000 중증도 구분 없음",21-1,,W60000
엉덩이 및 대퇴 부위의 근육 및 힘줄의 손상,S76,X011,Microvascular Tissue Transfer for Injuries to Lower Limb,21-2,S,X01100
엉덩이 및 대퇴 부위의 근육 및 힘줄의 손상,S76,X012,Local Tissue Transfer and Skin Graft for Injuries to Lower Limb,21-2,S,"X01200, X01201"
엉덩이 및 대퇴 부위의 근육 및 힘줄의 손상,S76,X042,Other Procedures for Injuries to Lower Limb,21-2,S,"X04200, X04201, X04202"
엉덩이 및 대퇴 부위의 근육 및 힘줄의 손상,S76,X600,"Injuries, Age ≤18 X60011 W Catastrophic or Severe or Moderate",21-2,,"X60010, X60011, X60020, X60021, X60030, X60031, X60032"
엉덩이 및 대퇴의 표재성 손상,S70,I622,Femoral Neck Fracture I62202 W Catastrophic CC,09,,"I62200, I62201, I62202"
엉덩이 및 대퇴의 표재성 손상,S70,J660,"Trauma to Skin, Subcutaneous Tissue and J66011 W Catastrophic or Severe or Moderate",04,,"J66010, J66011, J66020, J66021, J66022, J66023"
엉덩이 및 대퇴의 표재성 손상,S70,W600,"Multiple Trauma, Transferred to Another W60000 중증도 구분 없음",21-1,,W60000
엉덩이 및 대퇴의 표재성 손상,S70,W610,Multiple Trauma without Procedures W61002 W Catastrophic CC,21-1,,"W61000, W61001, W61002"
손목 및 손 부위의 근육 및 힘줄의 손상,S66,I251,Major Wrist and Hand Procedures,08,S,"I25100, I25101, I25102"
손목 및 손 부위의 근육 및 힘줄의 손상,S66,I252,Minor Wrist and Hand Procedures,08,S,"I25200, I25201, I25202, I25203"
손목 및 손 부위의 근육 및 힘줄의 손상,S66,P661,"Neonate, Admission Weight 2000-2499g P66100 중증도 구분 없음",15,,P66100
손목 및 손 부위의 근육 및 힘줄의 손상,S66,P672,"Neonate, Admission Weight>2499g without P67200 중증도 구분 없음",15,,P67200
손목 및 손 부위의 근육 및 힘줄의 손상,S66,X022,Local Tissue Transfer and Skin Graft for Injuries to Hand,21-2,S,"X02200, X02201, X02202"
손목 및 손 부위의 근육 및 힘줄의 손상,S66,X051,Bone and Joint Procedures for Injuries to Hand,21-2,S,"X05100, X05101"
손목 및 손 부위의 근육 및 힘줄의 손상,S66,X052,Other Procedures for Injuries to Hand,21-2,S,"X05200, X05201, X05202"
손목 및 손 부위의 근육 및 힘줄의 손상,S66,X600,"Injuries, Age ≤18 X60011 W Catastrophic or Severe or Moderate",21-2,,"X60010, X60011, X60020, X60021, X60030, X60031, X60032"
남성생식기관의 양성 신생물,D29,L632,Kidney and Urinary Tract Neoplasms with L63203 W Catastrophic CC,12,,"L63200, L63201, L63202, L63203"
남성생식기관의 양성 신생물,D29,L633,Kidney and Urinary Tract Neoplasms L63302 W Catastrophic CC,12,,"L63300, L63301, L63302"
남성생식기관의 양성 신생물,D29,M630,Other Male Reproductive System Diseases M63000 중증도 구분 없음,12,,M63000
남성생식기관의 양성 신생물,D29,P641,"Neonate, Admission Weight 1250-1499g P64100 중증도 구분 없음",15,,P64100
남성생식기관의 양성 신생물,D29,P651,"Neonate, Admission Weight 1500-1999g P65100 중증도 구분 없음",15,,P65100
남성생식기관의 양성 신생물,D29,P652,"Neonate, Admission Weight 1500-1999g P65200 중증도 구분 없음",18-2,,P65200
남성생식기관의 양성 신생물,D29,P661,"Neonate, Admission Weight 2000-2499g P66100 중증도 구분 없음",15,,P66100
남성생식기관의 양성 신생물,D29,P662,"Neonate, Admission Weight 2000-2499g P66200 중증도 구분 없음",18-2,,P66200
남성생식기관의 양성 신생물,D29,P671,"Neonate, Admission Weight>2499g without P67100 중증도 구분 없음",06,,P67100
남성생식기관의 양성 신생물,D29,P672,"Neonate, Admission Weight>2499g without P67200 중증도 구분 없음",15,,P67200
근긴장이상,G24,B652,Dystonia B65201 W Catastrophic or Severe CC,01,,"B65200, B65201"
근긴장이상,G24,C610,Neurological and Vascular Diseases of the C61003 W Catastrophic CC,02,,"C61000, C61001, C61002, C61003"
달리 분류된 질환에서의 뇌신경장애,G53,B713,Injury of Cranial Nerve and Disease of B71300 중증도 구분 없음,01,,B71300
달리 분류된 질환에서의 뇌신경장애,G53,B718,Neuropathic Pain and Autonomic Nerve B71803 W Catastrophic CC,07,,"B71800, B71801, B71802, B71803"
달리 분류된 질환에서의 뇌신경장애,G53,P641,"Neonate, Admission Weight 1250-1499g P64100 중증도 구분 없음",15,,P64100
달리 분류된 질환에서의 뇌신경장애,G53,P651,"Neonate, Admission Weight 1500-1999g P65100 중증도 구분 없음",15,,P65100
달리 분류된 질환에서의 뇌신경장애,G53,S640,Other HIV S64001 W Catastrophic CC,18-1,,"S64000, S64001"
알려진 또는 의심되는 불균형에 대한 산모관리,O33,O012,High Risk Cesarean Delivery(Single Birth),14,S,"O01200, O01201, O01202, O01203"
알려진 또는 의심되는 불균형에 대한 산모관리,O33,O042,High Risk Vaginal Delivery(Primiparity),14,S,"O04200, O04201"
알려진 또는 의심되는 불균형에 대한 산모관리,O33,O052,High Risk Vaginal Delivery(Multiparity),14,S,"O05200, O05201"
알려진 또는 의심되는 불균형에 대한 산모관리,O33,O062,High Risk Vaginal Delivery After Cesarean Section,14,S,O06200
알려진 또는 의심되는 불균형에 대한 산모관리,O33,O110,Disorders Related to Postpartum and Post Abortion with OR Procedures,14,S,"O11000, O11001"
알려진 또는 의심되는 불균형에 대한 산모관리,O33,O641,,14,,"O64100, O64101"
알려진 또는 의심되는 불균형에 대한 산모관리,O33,O642,Other Antepartum Diseases without Severe O64203 W Catastrophic CC,13,,"O64200, O64201, O64202, O64203"
보행과 이동의 이상,R26,B152,Excision of Intraspinal Lesion with Myelopathy,01,S,"B15200, B15201"
보행과 이동의 이상,R26,B175,Other Spinal Procedures with Myelopathy,01,S,"B17500, B17501"
보행과 이동의 이상,R26,B814,Other Nervous System Disorders B81402 W Catastrophic CC,01,,"B81400, B81401, B81402"
보행과 이동의 이상,R26,I081,Spinal Fusion with Myelopathy,08,S,"I08100, I08101, I08102, I08103"
보행과 이동의 이상,R26,I083,Laminectomy and Diskectomy with Myelopathy,08,S,"I08300, I08301, I08302, I08303"
보행과 이동의 이상,R26,I085,Other Spinal Procedures with Myelopathy,08,S,"I08500, I08501"
보행과 이동의 이상,R26,I710,Musculotendinous Disorders I71003 W Catastrophic CC,08,,"I71000, I71001, I71002, I71003"
보행과 이동의 이상,R26,L661,Kidney and Urinary Tract Signs and L66100 중증도 구분 없음,11,,L66100
보행과 이동의 이상,R26,L662,Kidney and Urinary Tract Signs and L66202 W Catastrophic CC,18-1,,"L66200, L66201, L66202"
보행과 이동의 이상,R26,P641,"Neonate, Admission Weight 1250-1499g P64100 중증도 구분 없음",15,,P64100
출산장소에 따른 생존출생,Z38,J071,Minor Breast Procedures using Vaccum-Assisted Biopsy Device,09,S,J07100
출산장소에 따른 생존출생,Z38,J072,Open Minor Breast Procedures,09,S,J07200
출산장소에 따른 생존출생,Z38,J080,Procedures of Axillary Lymph Node,09,S,"J08000, J08001"
출산장소에 따른 생존출생,Z38,P601,Neonate Died or Transferred <5 Days of P60100 중증도 구분 없음,15,,P60100
결합조직의 기타 전신침범,M35,I667,"Other Connective Tissue Diseases, I66712 W Catastrophic CC",08,,"I66710, I66711, I66712, I66720, I66721, I66722"
결합조직의 기타 전신침범,M35,I682,Non-Surgical Neck and Back Conditions I68213 W Catastrophic CC,08,,"I68210, I68211, I68212, I68213, I68220, I68221, I68222, I68223"
결합조직의 기타 전신침범,M35,I722,"Noninfectious Tendinitis, Myositis and I72211 W Catastrophic or Severe or Moderate",08,,"I72210, I72211, I72220, I72221, I72222, I72223"
결합조직의 기타 전신침범,M35,J690,Other Moderate Skin Diseases J69003 W Catastrophic CC,09,,"J69000, J69001, J69002, J69003"
인공개구에 대한 관리를 위하여 보건서비스와 접하고 있는 사람,Z43,E773,Other Respiratory System Diseases E77303 W Catastrophic CC,04,,"E77300, E77301, E77302, E77303"
인공개구에 대한 관리를 위하여 보건서비스와 접하고 있는 사람,Z43,G689,Other Digestive system Diseases G68902 W Catastrophic CC,06,,"G68900, G68901, G68902"
인공개구에 대한 관리를 위하여 보건서비스와 접하고 있는 사람,Z43,L680,Other Kidney and Urinary Tract Diseases L68003 W Catastrophic CC,11,,"L68000, L68001, L68002, L68003"
인공개구에 대한 관리를 위하여 보건서비스와 접하고 있는 사람,Z43,N620,Menstrual and Other Female Reproductive N62003 W Catastrophic CC,13,,"N62000, N62001, N62002, N62003"
인공개구에 대한 관리를 위하여 보건서비스와 접하고 있는 사람,Z43,Z640,Other Factors Influencing Health Status Z64002 W Catastrophic CC,23,,"Z64000, Z64001, Z64002"
기능검사의 이상결과,R94,A092,"Tracheostomy for Face, Mouth and Neck Disorders with Short-Term Ventilator",Pre,S,
기능검사의 이상결과,R94,A093,"Tracheostomy for Face, Mouth and Neck Disorders without Ventilator",Pre,S,
기능검사의 이상결과,R94,B814,Other Nervous System Disorders B81402 W Catastrophic CC,01,,"B81400, B81401, B81402"
기능검사의 이상결과,R94,D502,Dental Restorations,03,S,D50200
기능검사의 이상결과,R94,D720,Nasal Trauma D72001 W Catastrophic or Severe CC,03,,"D72000, D72001"
기능검사의 이상결과,R94,E773,Other Respiratory System Diseases E77303 W Catastrophic CC,04,,"E77300, E77301, E77302, E77303"
기능검사의 이상결과,R94,F800,Other Circulatory System Diseases F80003 W Catastrophic CC,05,,"F80000, F80001, F80002, F80003"
기능검사의 이상결과,R94,H692,Other Liver Diseases H69200 중증도 구분 없음,07,,H69200
기능검사의 이상결과,R94,K663,Other Thyroid Disorders K66302 W Catastrophic or Severe CC,10,,"K66300, K66301, K66302"
기능검사의 이상결과,R94,K690,Other Endocrine Disorders K69002 W Catastrophic CC,10,,"K69000, K69001, K69002"
기능검사의 이상결과,R94,L661,Kidney and Urinary Tract Signs and L66100 중증도 구분 없음,11,,L66100
기능검사의 이상결과,R94,P641,"Neonate, Admission Weight 1250-1499g P64100 중증도 구분 없음",15,,P64100
기능검사의 이상결과,R94,P652,"Neonate, Admission Weight 1500-1999g P65200 중증도 구분 없음",18-2,,P65200
기능검사의 이상결과,R94,P661,"Neonate, Admission Weight 2000-2499g P66100 중증도 구분 없음",15,,P66100
기능검사의 이상결과,R94,P662,"Neonate, Admission Weight 2000-2499g P66200 중증도 구분 없음",18-2,,P66200
기능검사의 이상결과,R94,P671,"Neonate, Admission Weight>2499g without P67100 중증도 구분 없음",06,,P67100
기능검사의 이상결과,R94,X600,"Injuries, Age ≤18 X60011 W Catastrophic or Severe or Moderate",21-2,,"X60010, X60011, X60020, X60021, X60030, X60031, X60032"
기능검사의 이상결과,R94,Z610,,23,,"Z61000, Z61001, Z61002, Z61003"
달리 분류된 질환에서의 다발신경병증,G63,B711,Diabetic Neuropathy B71102 W Catastrophic or Severe CC,18-1,,"B71100, B71101, B71102"
달리 분류된 질환에서의 다발신경병증,G63,B714,Neoplastic Peripheral Nerve Diseases B71401 W Catastrophic CC,01,,"B71400, B71401"
달리 분류된 질환에서의 다발신경병증,G63,B717,Peripheral Nerve Disorders B71702 W Catastrophic or Severe CC,01,,"B71700, B71701, B71702"
바르톨린선의 질환,N75,N610,Female Reproductive System Infections N61003 W Catastrophic CC,13,,"N61000, N61001, N61002, N61003"
바르톨린선의 질환,N75,N620,Menstrual and Other Female Reproductive N62003 W Catastrophic CC,13,,"N62000, N62001, N62002, N62003"
자궁경부의 염증성 질환,N72,KDRG 미등록,,,,
급성 심근염,I40,F800,Other Circulatory System Diseases F80003 W Catastrophic CC,05,,"F80000, F80001, F80002, F80003"
급성 심근염,I40,P652,"Neonate, Admission Weight 1500-1999g P65200 중증도 구분 없음",18-2,,P65200
급성 심근염,I40,P672,"Neonate, Admission Weight>2499g without P67200 중증도 구분 없음",15,,P67200
달리 분류되지 않은 비뇨생식계통의 처치후 장애,N99,L601,"Acute Renal Failure, Continuous Renal L60110 중증도 구분 없음",11,,"L60110, L60120"
달리 분류되지 않은 비뇨생식계통의 처치후 장애,N99,L670,Urethral Stricture L67000 중증도 구분 없음,11,,L67000
달리 분류되지 않은 비뇨생식계통의 처치후 장애,N99,L680,Other Kidney and Urinary Tract Diseases L68003 W Catastrophic CC,11,,"L68000, L68001, L68002, L68003"
달리 분류되지 않은 비뇨생식계통의 처치후 장애,N99,M630,Other Male Reproductive System Diseases M63000 중증도 구분 없음,12,,M63000
달리 분류되지 않은 비뇨생식계통의 처치후 장애,N99,N620,Menstrual and Other Female Reproductive N62003 W Catastrophic CC,13,,"N62000, N62001, N62002, N62003"
달리 분류되지 않은 비뇨생식계통의 처치후 장애,N99,O042,High Risk Vaginal Delivery(Primiparity),14,S,"O04200, O04201"
달리 분류되지 않은 비뇨생식계통의 처치후 장애,N99,O051,General Risk Vaginal Delivery(Multiparity),14,S,"O05100, O05101"
달리 분류되지 않은 비뇨생식계통의 처치후 장애,N99,O052,High Risk Vaginal Delivery(Multiparity),14,S,"O05200, O05201"
달리 분류되지 않은 비뇨생식계통의 처치후 장애,N99,O602,Other Disorders Related To Postpartum O60201 W Catastrophic CC,19,,"O60200, O60201"
달리 분류되지 않은 비뇨생식계통의 처치후 장애,N99,O610,Abortion without D&C or Aspiration O61001 W Catastrophic or Severe CC,14,,"O61000, O61001"
